slot,uuid,problem_id,original_lane,would_be_lane_now,reason
,9b6083eb,tuza_nu2,bare,BARE,no companion file found
,827eacfc,tuza_nu2,bare,BARE,no companion file found
,f9473ebd,tuza_nu3,bare,BARE,no companion file found
,72aaa595,tuza_tau_Te,bare,BARE,no companion file found
,82c1041b,tuza_nu3,bare,BARE,no companion file found
,nu4_prime,tuza_nu4,bare,BARE,no companion file found
,nu4_pessimist,tuza_nu4,bare,BARE,no companion file found
,e23a4af3-2731-44ce-afb9-8beba495b8ff,tuza_nu3,bare,BARE,no companion file found
,82c1041b-31e6-4e4b-be79-7ab72e8711b2,tuza_flower,bare,BARE,no companion file found
,b17bf01d-49dd-40c9-8a38-9bf245cd48d6,tuza_nu3,bare,BARE,no companion file found
,b0891cdd-e176-4ebf-8d21-0d88a6183bb9,tuza_nu4,bare,BARE,no companion file found
,bb81e3dc-f448-4d09-8403-56cf1adca6b7,tuza_nu3,bare,BARE,no companion file found
,2cc1e7bc-56ff-4751-9f36-98afd9713efd,tuza_nu2_negation,bare,BARE,no companion file found
,f5a283f0-4913-4b51-a98c-d9df7c0f99cf,tuza_Te,bare,BARE,no companion file found
,4736da84-a282-4935-ba1b-06d02bc5d92c,tuza_nu3,bare,BARE,no companion file found
,6576c71c-042d-4e7e-b735-7b7cb3f36abe,tuza_tau_Te,bare,BARE,no companion file found
,45836e62-1263-4ea8-80cc-66b81b2d0478,tuza_tau_Te,bare,BARE,no companion file found
,87299718-3bf2-4aae-ad2e-b4fd9079c1ef,tuza_tau_Te,bare,BARE,no companion file found
,33adf0c0-e436-4ead-a41b-e8c942c50f61,tuza_tau_Te,bare,BARE,no companion file found
,f45bfea3-0978-4ad9-a4d2-b9521c076a9f,tuza_nu3,bare,BARE,no companion file found
,89bfa298-1fda-4c31-b70f-4a65e27afaae,tuza_nu_le_3,bare,BARE,no companion file found
,0f604116-c30e-4037-a912-d8c165463d8c,tuza_nu_le_3,bare,BARE,no companion file found
,8fd9def6-aa5e-494f-b989-8e2e4e5949bd,tuza_nu_le_3,bare,BARE,no companion file found
,cd3636f6-782a-423a-b33f-d1ff3301c00a,tuza_split_graphs,bare,BARE,no companion file found
,1139ada9-099a-4b35-8d08-b3fbc037812c,tuza_counterexample,bare,BARE,no companion file found
,12d62b8d-84a4-4be1-b0b1-1012e0f5e061,aharoni_zerbib_r4,bare,BARE,no companion file found
,beae6b6a-05b7-4efb-b12e-b9581793032a,,bare,BARE,no companion file found
,35e85121-c737-4e22-8b76-7011aeec84f9,,bare,BARE,no companion file found
,unknown,,bare,BARE,no companion file found
,7f9d358e-f2cc-4094-b560-709d55a7af1d,,bare,BARE,no companion file found
,dd401d5c-f3a5-4b1d-96a8-3989c86164de,,bare,BARE,no companion file found
,a58f4d00-cdf2-4391-8b84-e0d5cb6af6c8,,bare,BARE,no companion file found
,d0512713-e4fb-41db-88d4-16391aa5498f,,bare,BARE,no companion file found
,6e552983-3645-4633-8a21-e301212e9eb9,,bare,BARE,no companion file found
,a6cb4923-a8bf-45d8-b456-ded979bbd9fc,,bare,BARE,no companion file found
,3236adf0-cb8c-43c5-94c9-4528d4b05fa7,,bare,BARE,no companion file found
,7eb2f5e8-5aa7-4be5-96d4-f20488d11984,,bare,BARE,no companion file found
,b1393afd-9fe3-45b2-87ab-6d14dc65346a,,bare,BARE,no companion file found
,1f81c745-d0e0-4749-907a-6f1446d99252,,bare,BARE,no companion file found
,b373331f-4557-471f-9b39-511e27b29916,,bare,BARE,no companion file found
,0bdf312e-2400-4a09-adcf-33d63d7f1866,,bare,BARE,no companion file found
,dae067a9-aad2-4f47-8c20-98b1db6d4848,,bare,BARE,no companion file found
,4ed9410b-d82e-4cb3-874e-78e49bbeee64,,bare,BARE,no companion file found
,47ebf948-8515-446a-87f8-077ebbcfb0a9,,bare,BARE,no companion file found
,bf62a5fb-f975-452b-be1a-43194654f5fd,,bare,BARE,no companion file found
,8a5948f4-1973-4ab2-8510-58ae7dc2c531,,bare,BARE,no companion file found
,eafe6226-13a3-4ce0-a794-63115a78d65e,tuza_counterexample,bare,BARE,no companion file found
,e6dc644d-bf54-4d89-87c5-65bf45dde87f,aharoni_zerbib_r4,bare,BARE,no companion file found
,ee09f2e2-fc27-4168-9bbf-98791c7ceeeb,tuza_split_graphs,bare,BARE,no companion file found
,pending_bridge,tuza_nu4,bare,BARE,no companion file found
,950cb060-e061-40bb-853f-b419ad383bca,tuza_nu4_union,bare,BARE,no companion file found
,51a69672-5239-470e-9e7b-f2d3a40e42e1,tuza_nu4,bare,BARE,no companion file found
,7cd92201-27e3-4680-8d55-0d478c48ccda,tuza_nu2,bare,BARE,no companion file found
,d9a944e6-ef61-4a8c-afa0-597bb286f0b4,tuza_nu4_bridges,bare,BARE,no companion file found
,ab98f5a9-2094-4eb7-babf-f21679173304,tuza_tau_Te,bare,BARE,no companion file found
,d3772ccd-e11c-43cc-a279-b19e8f3c1ba2,tuza_tau_union_v2,bare,BARE,no companion file found
,d9cf0918-e169-48a8-8b45-bd8695e0de08,tuza_nu4,bare,BARE,no companion file found
,78321b54-fba2-4d8f-8fbb-99418c9f466c,tuza_nu4,bare,BARE,no companion file found
,8ea799df-7695-4537-baf1-03a6f18e7709,tuza_nu4,bare,BARE,no companion file found
,ef68f60d-7ef9-40fe-b2fa-7eaf5b1c2b39,tuza_nu4_pairwise,bare,BARE,no companion file found
,6a8768bc-b9a1-4dce-9e1f-121c39be9370,tuza_nu4_pairwise,bare,BARE,no companion file found
,3d06963f-df9c-44fc-8d2b-a25223bc44fa,tuza_nu4,bare,BARE,no companion file found
,6e3ba01d-c45c-4b43-8a7a-cb020be2b6a0,tuza_nu4,bare,BARE,no companion file found
,5211ac41-df32-49e8-819c-ee6b7b19b331,tuza_nu4,bare,BARE,no companion file found
,ebd8dc51-3083-45a5-b800-43bcd0d3e03a,tuza_nu4,bare,BARE,no companion file found
,4e986831-0f0f-41ea-bc17-f3b7164c43ec,tuza_nu4,bare,BARE,no companion file found
,ed4ac27d-c5c4-4696-a866-2e63c76e2243,tuza_nu4,bare,BARE,no companion file found
,de915e3d-7699-43ff-9b8e-72df98a7ebbd,tuza_nu4,bare,BARE,no companion file found
,b5082fe3-1d81-4ddc-858f-2723ff61b6e5,tuza_nu4,bare,BARE,no companion file found
,05d6ebb0-adf5-4905-aca9-8a69c6e3cc39,tuza_nu4,bare,BARE,no companion file found
,025b8cfc-cb44-46f3-afa7-e19935c16a7f,tuza_nu_le_3,bare,BARE,no companion file found
,2eb57944-afee-41e1-a7b6-8e1c224c69a2,tuza_nu4,bare,BARE,no companion file found
,b4f73fa3-9cbc-4877-9819-f5e077da1c54,tuza_nu4,bare,BARE,no companion file found
,0e54e1a7-a94f-4384-9b5a-8f5d41d8e420,tuza_nu4,bare,BARE,no companion file found
,cfd8de5a-7249-4bcd-9445-954c0f48e37d,tuza_nu4,bare,BARE,no companion file found
,01ee5d14-d5e1-4ada-bad9-38c6429bf346,tuza_nu4,bare,BARE,no companion file found
,3042f3e3-967a-441f-9201-d95e5547ac60,tuza_nu4,bare,BARE,no companion file found
,5ad4393c-9c9c-453f-a048-faa8e9e65bb1,tuza_nu4,bare,BARE,no companion file found
,c8d20638-efb0-4151-a243-3fee159711b6,tuza_nu4,bare,BARE,no companion file found
,c58257ab-f6a7-4c37-80ce-f47596f7f8f2,tuza_nu4,bare,BARE,no companion file found
,204aea51-fbd5-4756-ad24-5407f5e5e927,tuza_nu4,bare,BARE,no companion file found
29,39778d23-2a46-48a5-bd20-00d700fe5de7,tuza_nu4,bare,BARE,no companion file found
30,744eb623-f526-4bfa-971c-d1d9a5763c13,tuza_nu4,bare,BARE,no companion file found
31,60a910e6-308b-4833-9a80-bfc5d97e28db,tuza_nu4,bare,BARE,no companion file found
32,5694d879-0139-45b5-a695-bb190d57a41d,tuza_nu4,bare,BARE,no companion file found
33,a6038542-1977-4869-87bc-7be88481d622,tuza_nu4,bare,BARE,no companion file found
,a6026645-c59f-4b6c-8304-0ff1c92a2946,tuza_nu3,bare,BARE,no companion file found
,584be833-3d5d-4ba0-bdf9-ecc57dc8a9a3,tuza_nu4,bare,BARE,no companion file found
25,21e79763-11cd-4f14-8dda-6b5ff380cab0,tuza_nu4,bare,BARE,no companion file found
,0b8a1495-a511-4df3-80c6-6ba765dde47b,tuza_nu4_pair,bare,BARE,no companion file found
,1bb416d7-8490-44fa-88a4-3df9362128c6,tuza_nu4_lll,bare,BARE,no companion file found
,da4e4a07-305d-4074-b55a-6f588e1aad83,tuza_nu4_leaf,bare,BARE,no companion file found
,da605278-c788-458e-bcfa-0404a47d6983,tuza_nu4_vdecomp,bare,BARE,no companion file found
42,81542fb6-3736-4288-a92d-c4259e0acbed,tuza_nu4_local_reduction,bare,BARE,no companion file found
41,8cb99e9b-d0ff-43d9-9518-7b370faaefee,tuza_nu4_c4_attack,bare,BARE,no companion file found
29,6b9aa1ff-a3f0-475c-a494-f4e47e788035,tuza_nu4_triple_apex,bare,BARE,no companion file found
,f71e7003-3204-4746-8e88-8b5735c628af,tuza_nu4_slot39,bare,BARE,no companion file found
,5eeea552-fcc8-4f60-ae27-2a9251bb1eaf,tuza_nu4_slot40,bare,BARE,no companion file found
,ce10191b-1800-40df-a762-3a292d9f6346,tuza_nu4_slot43,bare,BARE,no companion file found
,2b3cce69-ca98-4c3a-9e7d-55ca3afab48d,tuza_nu4,bare,BARE,no companion file found
,b94d3582-0889-4490-82aa-66bed1d6f1fe,nu4_scattered,bare,BARE,no companion file found
,6a30ea71-111e-4b0a-a742-3584b656e2bf,nu4_two_two_vw,bare,BARE,no companion file found
30,5a0b26c9-c5b9-4047-af0b-7afbcf830449,nu4_disconnected,bare,BARE,no companion file found
33,c8459c98-6bfa-45fb-a414-61ae6bd32b1a,nu4_cycle,bare,BARE,no companion file found
,2feede1f-5cab-4c07-acaf-a3c1c56e4ee9,slot45_vertex_partition,bare,BARE,no companion file found
,5a188e26-ef0d-44c2-a565-cd798ad02e00,slot44_adjacent_pair,bare,BARE,no companion file found
49,82088ab4-b53d-490a-bd41-59fca09373e7,slot49,bare,BARE,no companion file found
50,b5840fb7-aaea-4b59-9bc0-d38c1bccea4a,slot50,bare,BARE,no companion file found
51,79b18981-7fdc-47f2-be8b-4e1e2472c39f,slot51,bare,BARE,no companion file found
52,44ec0c80-38ea-4f62-ba9d-6498c8faaa1d,slot52,bare,BARE,no companion file found
53,,slot53,bare,BARE,no companion file found
54,,slot54,bare,BARE,no companion file found
55,34fdaf69-ff8c-4986-bf6f-717abbc67f8b,slot55,bare,BARE,no companion file found
56,,slot56,bare,BARE,no companion file found
53,0e668047-b539-4b7f-aefa-28ac8b2c4e68,slot53,bare,BARE,no companion file found
,c2bcbe2c-2615-4c7b-aff4-7f1a59e646a2,slot57,bare,BARE,no companion file found
,,slot58,bare,BARE,no companion file found
59,345a7fe6-91c7-4980-b81e-348d3e6182e0,path4_tau_le_8,bare,BARE,no companion file found
60,7eba2799-3f4c-4cba-9088-4c29d2612bef,cycle4_tau_le_8,bare,BARE,no companion file found
61,16fa79da-cb58-49a3-9a21-1bde70ba853c,slot61_path4_corrected,bare,BARE,no companion file found
62,,path_4_tau_8,bare,BARE,no companion file found
63,,cycle_4_final,bare,BARE,no companion file found
69,80891b4c-dfa6-42fb-93af-195123a75936,tuza_nu4,bare,BARE,no companion file found
70,d3159016-c9f4-49ac-8078-3066257e15a7,tuza_nu4,bare,BARE,no companion file found
71,5a800e22-377b-453a-8930-3dccfcc6ff71,tuza_nu4,bare,BARE,no companion file found
72,f0a24a15-b394-4405-bc43-6373f0c73bf7,tuza_nu4,bare,BARE,no companion file found
,a7915801-3387-45fa-bc20-2bb498af86f6,nu4_path4,bare,BARE,no companion file found
,e22d295f-2328-48da-ba66-10f588bdde69,nu4_cycle4,bare,BARE,no companion file found
,795e4e81-15e8-4443-9ac8-c3e8be6772e0,nu4_cycle4,bare,BARE,no companion file found
,1004ad20-ca53-449f-bd64-18ef7b9efd39,nu4_two_two,bare,BARE,no companion file found
,e180b159-715f-471e-9de7-da1ed837dfaa,nu4_cycle4,bare,BARE,no companion file found
54,b96583cc-e65e-420e-8cfe-dd8627b90ebe,nu4_Se_decomposition,bare,BARE,no companion file found
73,eb28d806-6d26-45b3-9923-eb6b6f947344,nu4_cycle4_all_middle,bare,BARE,no companion file found
,pending_slot120,cycle4_shared_edges,bare,BARE,no companion file found
,pending_slot121,cycle4_spoke_cover,bare,BARE,no companion file found
,pending_slot122,cycle4_link_graph,bare,BARE,no companion file found
113,5d2756b0-17d7-4e88-98ed-55117529555c,tuza_nu4,bare,BARE,no companion file found
,ec96692a-4350-4662-b37a-6bcee1004e5c,tuza_nu4,bare,BARE,no companion file found
126,eac1dcfb-fd43-4b0a-b5c0-83ffd840f914,cycle4_diagonal_pairing,bare,BARE,no companion file found
110,11348661-5701-48cb-a909-ab64983bba61,cycle4_sunflower,bare,BARE,no companion file found
,b4f5ba0e-5774-495f-9d81-0204db36e126,cycle4_infrastructure,bare,BARE,no companion file found
127,6129b66a-9d45-4719-bd15-7bd2a467bacb,nu4_cycle4_distinctness,bare,BARE,no companion file found
128,848d672f-ad1c-4c56-962d-ad4532653d21,nu4_cycle4_pigeonhole,bare,BARE,no companion file found
129,0d14bd8f-c5f6-443a-89a1-c028da839413,nu4_cycle4_support_sunflower,bare,BARE,no companion file found
130,9e577210-057b-4a86-9f05-cbc426221ef7,nu4_cycle4_final_assembly,bare,BARE,no companion file found
131,ae553796-8ef2-4a6e-bf85-4c6aa7ba16f3,nu_4_cycle4,bare,BARE,no companion file found
132,87d3e442-c180-4164-b9b9-e8cf8ab34b1f,nu_4_cycle4,bare,BARE,no companion file found
133,a144d232-d801-457a-961a-2eb52daf35de,nu_4_cycle4,bare,BARE,no companion file found
134,339e6a3b-6c5c-4cde-83de-500619778cbc,nu_4_cycle4,bare,BARE,no companion file found
131,7039b275-fb54-4b6e-908e-485e5f064f8f,nu_4_cycle4,bare,BARE,no companion file found
132,b6583b41-4d03-44a7-bdb8-b14e63674ea7,nu_4_cycle4,bare,BARE,no companion file found
134,7fb85f6f-3741-4cf5-ab47-c0a36ac97883,nu_4_cycle4,bare,BARE,no companion file found
136,66ff793f-ceda-4cdc-a6c1-11887ae9f4e8,slot136_sunflower_tau8,bare,BARE,no companion file found
138,f1e7a9dd-48a0-4da2-b3e5-f915ef863c84,slot138_sunflower_tau8,bare,BARE,no companion file found
139,376217b6-f969-4ee6-ada7-f8df22705428,tau_le_12_cycle4,bare,BARE,no companion file found
142,8021f12c-2e86-42da-9af5-4bfd19165507,nu4_cycle4_konig,bare,BARE,no companion file found
144,fe745b95-194e-4ba2-86fc-3730a3c9977f,nu4_cycle4_konig,bare,BARE,no companion file found
,aed6b1a3-1794-4cb0-a11d-799dc87791f4,slot143_existential,bare,BARE,no companion file found
,558a8ac1-ae74-4006-af74-1e69527daeca,slot142_v2_konig_lite,bare,BARE,no companion file found
,a9676ceb-4c64-4087-b059-0c0502dd1cac,slot144_constructive,bare,BARE,no companion file found
,28f1eeed-9834-4dc8-8631-e44f62896fca,slot145_direct_cycle4,bare,BARE,no companion file found
,e4e49961-9d07-41b5-8902-c5bc2987a94c,slot143_v2_existential,bare,BARE,no companion file found
,3ec39882-70b8-4be9-be03-e6d6c05e0b6d,slot145_v2_direct,bare,BARE,no companion file found
,eb13090b-6c1e-4895-a007-c0124fcb5dc2,slot145_v2_direct_retry,bare,BARE,no companion file found
,d5e0feb5-5b3d-463e-be95-79e4612535ac,slot147_lp_relaxation,bare,BARE,no companion file found
,85b71dc7-8444-4c62-9f05-069958b6c47c,slot70_resubmit,bare,BARE,no companion file found
,f6c013da-b4ed-47d0-ade3-6c960a8a3161,slot71_resubmit,bare,BARE,no companion file found
,d3d9f515-eb6b-4aba-a77c-42bd663e0f99,slot72_resubmit,bare,BARE,no companion file found
,86698478-f0a6-4572-af5c-a205329185f7,slot51_resubmit,bare,BARE,no companion file found
44,6d1c9101-3d94-47b3-ae11-037960e944a4,tau_adjacent_pair_le_4,bare,BARE,no companion file found
54,1144f147-7ac4-48bb-bd19-13d10c83f1ef,nu4_cycle4_lp,bare,BARE,no companion file found
52,08f972c0-b947-4fe3-90b9-cac5760fd7fd,nu4_tau_pair,bare,BARE,no companion file found
55,f035788f-43ff-4f6a-b603-07c252b01082,nu4_cycle4_lp,bare,BARE,no companion file found
147,f38edf58-d853-4d02-adee-d0fc114b5c16,cycle4_lp,bare,BARE,no companion file found
58,0ebfb3ea-9547-463b-a64c-37a06e54546d,M_edge_in_exactly_one,bare,BARE,no companion file found
59,be36bb28-a98d-4f42-a20c-df28d82eb853,cycle4_final,bare,BARE,no companion file found
60,445c65be-fd2c-42be-b46e-680f9482a1b6,cycle4_final,bare,BARE,no companion file found
49,94272330-c180-44b1-b10b-04f455254775,path4_adjacent_pair,bare,BARE,no companion file found
49,bf83c2c2-b058-481a-ae26-58e9f8320a0f,tuza_nu4,bare,BARE,no companion file found
57,9f2f4a24-ce49-48b6-9b27-fb6e5f33666f,tuza_nu4,bare,BARE,no companion file found
40,c13cfabd-354d-4ca8-84d1-74b92fd5fbc5,tuza_nu4,bare,BARE,no companion file found
62,e21aef61-c03d-4981-bd28-fc9f14837549,tuza_nu4,bare,BARE,no companion file found
63,3d31b863-a97d-4579-b459-565f053d91a0,tuza_nu4,bare,BARE,no companion file found
64,,tuza_nu4,bare,BARE,no companion file found
,3ad534fd-12de-494a-a5c0-a19aa744b0d0,slot64a_ig_definitions,bare,BARE,no companion file found
,6ca2503a-e819-41ef-95b8-235d1a464e33,slot64b_M_edges_card,bare,BARE,no companion file found
,84478cc7-8c28-415f-a13a-1c8bb1bfe4f4,slot64c_edge_unique,bare,BARE,no companion file found
,981a1782-056a-4497-b19e-4bfecc8c87ff,slot64d_interact_share,bare,BARE,no companion file found
,0d36f3d8-8662-4df5-97f6-0f6f1b36b6fd,slot65_singleton_conflict,bare,BARE,no companion file found
,c522a35a-27ef-4d6a-820d-764bfc403092,slot67_bridge_absorption,bare,BARE,no companion file found
148,33955c09-7178-4242-bab3-b9da5de54f08,nu_4_scattered,bare,BARE,no companion file found
148,2f67ac2c-a940-46c7-825f-332870b1783c,nu_4_scattered,bare,BARE,no companion file found
149,f1b7300b-d9c5-4409-91f3-dda349ca878a,nu_4_path4,bare,BARE,no companion file found
150,98588594-ee25-4fa5-92a3-0b10d8501b4f,nu_4_matching2,bare,BARE,no companion file found
151,85378585-59f6-4a66-98a8-ad0c1f85c006,nu_4_tpair,bare,BARE,no companion file found
153,30006cc9-3f0c-4cd1-a49e-5bb9689c6c70,slot153,bare,BARE,no companion file found
153,5f4ef776-e28a-4452-86ec-d29d5e9be9b3,slot153b,bare,BARE,no companion file found
154,463f73ab-915d-4f1e-86dc-ab7aa9e53028,slot154,bare,BARE,no companion file found
,18fa676d-ba56-441a-a357-1ac9623440f7,slot172_exchange,bare,BARE,no companion file found
,aade3115-0d90-4661-92ed-252e2f9258f3,slot174_dual,bare,BARE,no companion file found
177,67346220-340f-47ec-9f07-58f709efca6a,nu4_externals,bare,BARE,no companion file found
179,826fcc0c-ad06-4d8b-ad4c-e57b0c1ed0b0,nu4_externals,bare,BARE,no companion file found
180,2a5cebf5-a1c1-4934-b201-bfdaea1eb2f3,nu4_externals,bare,BARE,no companion file found
,696519da-354c-4dff-aa09-f02968abf680,two_externals_share_edge,bare,BARE,no companion file found
,8edeae11-cabe-4e10-bd0f-2cfd87c88f7f,two_externals_share_edge_complete,bare,BARE,no companion file found
,2949b366-88e6-4fd9-983c-72b3eafd57b1,slot184_helly_externals,bare,BARE,no companion file found
,,slot183_nu_star_approach,bare,BARE,no companion file found
,,lemma06_cycle_edge_covers_M,bare,BARE,no companion file found
,,lemma13_cover_hits_all_M,bare,BARE,no companion file found
,,lemma04_fan_apex_exists,bare,BARE,no companion file found
,,lemma01_external_classification,bare,BARE,no companion file found
,,lemma02_cycle_external_form,bare,BARE,no companion file found
,,lemma03_private_external_contains_apex,bare,BARE,no companion file found
,,lemma08_apex_private_edge_covers,bare,BARE,no companion file found
,,lemma09_private_externals_at_most_two,bare,BARE,no companion file found
,,lemma10_cycle_externals_at_most_one,bare,BARE,no companion file found
,,lemma11_all_triangles_M_or_external,bare,BARE,no companion file found
,,lemma12_eight_edges_well_defined,bare,BARE,no companion file found
,,lemma14_cover_hits_all_externals,bare,BARE,no companion file found
,,lemma15_tau_le_8_main,bare,BARE,no companion file found
,,nu4_cycle4_external_vertex,bare,BARE,no companion file found
227,7857bb62-83c5-41d6-8f1a-0e4a3de97767,tuza_nu4,bare,BARE,no companion file found
,7b752998-4be6-405a-afaf-815ee0cc6b2f,slot250_apex,bare,BARE,no companion file found
,81958ca9-86a8-4f80-ac99-a8a113fd390c,slot251_tau_per_M,bare,BARE,no companion file found
250,4eff0fc9-8d7e-4d72-b438-59c811689a24,same_edge_share_external_vertex,bare,BARE,no companion file found
,0c62536f-f1fb-43ab-86e8-a6b89d5857c0,erdos_723,bare,BARE,no companion file found
,0676440c-01ea-4306-a0a3-58005d8f4776,erdos_723,bare,BARE,no companion file found
,8f2d800f-3e4a-4b8e-abc6-535b3f6b86d1,erdos_107,bare,BARE,no companion file found
,a3b8ded6-7ff6-4043-b7fb-a86a710cc101,erdos_128,bare,BARE,no companion file found
,712cba99-b536-4577-b684-558c349924a9,erdos_647,bare,BARE,no companion file found
,f31056c4-3d91-44c5-8cda-258d44cb6fd9,erdos_647,bare,BARE,no companion file found
,5d53ff4f-3c44-4e70-9c61-43c718757760,erdos_647,bare,BARE,no companion file found
,a0fa8d77-63a0-4773-9b9c-4faaaa18d5dd,erdos_97,bare,BARE,no companion file found
,ee4bb8a1-13e2-4d02-9f98-47a80e5365de,erdos_97,bare,BARE,no companion file found
,6a9a1ec1-90ef-4282-a870-4e9cb7252a45,erdos_97,bare,BARE,no companion file found
,168adc03-3fde-4ba8-a043-cae5a42fa226,erdos_107,bare,BARE,no companion file found
,56f178b1-2a82-4655-8952-cc04e07c39eb,erdos_128,bare,BARE,no companion file found
,ff72cc5c-56af-46b9-a7c4-2cc96ab7a620,erdos_647,bare,BARE,no companion file found
,8da0908f-6109-4ef6-a276-7c8b5257016f,erdos_647,bare,BARE,no companion file found
,d9c20030-5ef5-47f1-bae0-770f5fea697a,erdos_647,bare,BARE,no companion file found
,7c6827da-8d1b-4898-bba0-2ef23cc1c48e,erdos_97,bare,BARE,no companion file found
,bb9828b5-357f-4efe-889e-4b599581f568,erdos_97,bare,BARE,no companion file found
,655eaf4d-e3d0-49bf-adcb-4a7b06487c64,erdos_97,bare,BARE,no companion file found
,aefcf612-21c9-4520-bc37-81bd255e8a66,tuza_nu4_path4,bare,BARE,no companion file found
,9419d7a0-51b8-442f-b877-e4aba1eb1982,tuza_nu4_path4,bare,BARE,no companion file found
,2a2b5e36-3ba0-430f-90cf-c3fb8518e998,tuza_nu4_path4,bare,BARE,no companion file found
,ca7aa1dc-e202-4a31-bc8a-5f6d669b9b71,tuza_nu4_path4,bare,BARE,no companion file found
,dfc37eac-f3a2-435b-bb0d-c04a0abf840e,path4_tau_le_8,bare,BARE,no companion file found
,68a585e4-6359-4773-8d51-05257e05520f,path4_tau_le_8_main,bare,BARE,no companion file found
,d6f0b3f4-15d2-4e39-9398-e386e7251711,erdos_1,bare,BARE,no companion file found
,6d38059b-fda0-4a65-9951-90c529afb9c4,erdos_1,bare,BARE,no companion file found
,98895070-c28a-4b31-ad6a-94c666c97ff8,erdos_1,bare,BARE,no companion file found
,25e4a6e3-6866-4fec-a732-9f61152b8683,erdos_1052,bare,BARE,no companion file found
,159091ce-fbe3-4e40-845e-c209c3393dff,erdos_1052,bare,BARE,no companion file found
,74dec770-4d45-4a70-b046-0f02557cada8,erdos_1052,bare,BARE,no companion file found
,eb95ea2e-a739-4681-bc55-e34212aae0e3,erdos_123,bare,BARE,no companion file found
,7f1e32e8-b93c-499e-88cc-d5127add56c6,erdos_123,bare,BARE,no companion file found
,a5a78322-7825-4319-a446-0a15ca3cb4e4,erdos_123,bare,BARE,no companion file found
,1761ccee-218c-473b-9aae-a1bb71c78fcd,erdos_138,bare,BARE,no companion file found
,7dd6788e-e81b-44e6-b635-9ec0eca3758a,erdos_138,bare,BARE,no companion file found
,b0da99a9-1a6d-48ef-a148-24344e8e366a,erdos_138,bare,BARE,no companion file found
,78b1618e-1772-48f2-8cb8-a3ba25bf301a,erdos_143,bare,BARE,no companion file found
,ac22195a-4856-471b-b2c7-323b52fb00b6,erdos_20,bare,BARE,no companion file found
,f1461872-f4b0-454d-b336-59ce2e877c10,erdos_3,bare,BARE,no companion file found
,a363c59a-38fc-435c-8393-f15423472fa2,erdos_4,bare,BARE,no companion file found
,a889933c-4a4a-49a1-b06b-2aab7760a7ad,erdos_4,bare,BARE,no companion file found
,2ccf99f8-f793-4aaa-b8a0-793687d25e1e,erdos_40,bare,BARE,no companion file found
,eb2dc9a2-1faf-4253-92be-80c0f38896cd,erdos_56,bare,BARE,no companion file found
,2bc5e706-4da2-4f4c-af2f-fe0016776e75,erdos_590,bare,BARE,no companion file found
,64129c47-645f-42ab-8588-545aaf10f1ed,erdos_590,bare,BARE,no companion file found
,d356ad22-b9a8-4c97-a975-b5fea518e983,erdos_590,bare,BARE,no companion file found
,ad0a1884-bde5-4eb9-8d54-c06285705051,erdos_590,bare,BARE,no companion file found
,23a678d1-b15a-43e5-9eb9-d20e8b7a76d7,erdos_591,bare,BARE,no companion file found
,ed6ad9dd-ca3d-46f1-ae43-e9aa72614ee6,erdos_592,bare,BARE,no companion file found
,217de093-51fc-466b-a554-51b7c98760da,erdos_6,bare,BARE,no companion file found
,9e346503-f4f8-4277-bddb-c82ff966dfd6,erdos_6,bare,BARE,no companion file found
,8d05d45f-ddff-4324-97a0-b003d0a6baec,erdos_6,bare,BARE,no companion file found
,d9dd5702-76b6-4e89-b6b2-2b977ecb6789,erdos_66,bare,BARE,no companion file found
,8546609d-c56e-4335-9744-9e90a5f51a0b,erdos_67,bare,BARE,no companion file found
,a49b4928-f7d1-4c3b-a273-3e33f419e078,erdos_67,bare,BARE,no companion file found
,bcf4320b-749e-45ea-9366-662b7853a393,erdos_707,bare,BARE,no companion file found
,651ae9e8-ec6c-4cbc-ac73-04e093048a48,erdos_707,bare,BARE,no companion file found
,fb4d71ec-4b54-498e-81de-f59f2f6fa190,erdos_707,bare,BARE,no companion file found
,0ebd36f2-d2f7-4ca2-873d-fa34a945f04a,erdos_707,bare,BARE,no companion file found
,f7a8582c-6e8a-46b6-ab33-0bec0bd292f7,erdos_707,bare,BARE,no companion file found
,650f8a3e-b1d0-44f4-bd0e-881362a60e39,erdos_707,bare,BARE,no companion file found
,0adba4b4-5e46-4207-850e-4aae4f6af9d9,erdos_707,bare,BARE,no companion file found
,2536d3a4-f9bf-40fb-a37b-0d034acbd31c,erdos_92,bare,BARE,no companion file found
,1ed744f3-2dfe-4a29-8c8b-d4013d6f1739,erdos_107,bare,BARE,no companion file found
,0ac81a69-abdf-40e0-8849-03d8878be917,erdos_128,bare,BARE,no companion file found
,0a3afed2-599f-4769-b29e-2dc7ec28c7e1,erdos_647,bare,BARE,no companion file found
,55638685-1e84-4dd2-8714-9413c7b55842,erdos_97,bare,BARE,no companion file found
,93fe4d89-e3a1-4298-87cf-44b6a04b3685,erdos_97,bare,BARE,no companion file found
,ed4f8e17-9473-497b-b11e-b9841acf804e,erdos_97,bare,BARE,no companion file found
,c1ba5b30-5a7e-4d4c-b159-3205c6d5be2e,erdos_1,bare,BARE,no companion file found
,f76f9b8c-f2e8-49ad-ae8a-09cf4dcd0c15,erdos_1052,bare,BARE,no companion file found
,53178395-bb88-4a60-ae26-4daf4ee967dc,erdos_1052,bare,BARE,no companion file found
,d5261bfe-2b66-4c4f-90b5-a9d917409a41,erdos_1052,bare,BARE,no companion file found
,b7679b14-688f-4709-8277-de22d3a184dd,erdos_123,bare,BARE,no companion file found
,35d4f5e9-0dd2-4048-a9f8-ce1864837afc,erdos_123,bare,BARE,no companion file found
,b7878090-5d87-43de-97c8-02607657ff38,erdos_123,bare,BARE,no companion file found
,45208c10-f091-43bc-9147-27517aa2a33f,erdos_138,bare,BARE,no companion file found
,723681b8-3f48-4e80-b388-0e8d07a6a255,erdos_138,bare,BARE,no companion file found
,dad3eee3-4c8c-4ba3-af29-324efc52e8c4,erdos_138,bare,BARE,no companion file found
,754099cc-68ab-48f0-b752-3e828eff8f6e,erdos_143,bare,BARE,no companion file found
,4d22004b-18ca-4bb7-a4c4-6a38e47b7a42,erdos_20,bare,BARE,no companion file found
,ef449b2b-7af6-4537-849c-6d580ddb7aa3,erdos_3,bare,BARE,no companion file found
,b512054d-a5d0-4380-b793-e9b7cd3ed28f,erdos_4,bare,BARE,no companion file found
,62d7cd58-8efc-40b8-b135-d5e2fb203d4b,erdos_4,bare,BARE,no companion file found
,70f0273f-1620-4772-816c-806467672964,erdos_40,bare,BARE,no companion file found
,558c5041-1b7e-4099-9517-4497933fd40d,erdos_56,bare,BARE,no companion file found
,61115ae3-a1da-432b-85bc-49abeee8c6b3,erdos_590,bare,BARE,no companion file found
,5488c5e1-d57b-4972-98e1-b44fa898d397,erdos_590,bare,BARE,no companion file found
,ef1d4cb1-3435-4969-ba41-035ed15db9d0,erdos_590,bare,BARE,no companion file found
,2027d87a-2efb-4c7e-a764-c6d9fc8fbbb1,erdos_590,bare,BARE,no companion file found
,6184a860-2ac2-4a91-96a3-b32344794669,erdos_591,bare,BARE,no companion file found
,657d19ad-1c40-42da-8823-01c771ab4f37,erdos_592,bare,BARE,no companion file found
,269ba0f9-9f69-40f5-aa84-bb850cd7b8fb,erdos_6,bare,BARE,no companion file found
,bbca0c73-7b7a-4702-ba5e-941bf1ca63c0,erdos_6,bare,BARE,no companion file found
,4aee9d52-5164-49c9-b643-e1bda7a2be08,erdos_6,bare,BARE,no companion file found
,8d544c89-b27c-4aaf-bf20-5288813ed98b,erdos_66,bare,BARE,no companion file found
,89ff517a-b20d-4db7-92c4-c3d3c905ac95,erdos_67,bare,BARE,no companion file found
,ff69709e-be3b-428f-83ed-b6c009507c47,erdos_67,bare,BARE,no companion file found
,0bb92aa1-0486-46b1-90b7-20eb84dfdd3c,erdos_707,bare,BARE,no companion file found
,b0e0d82a-9d6c-4202-bd2b-62bf4d16c338,erdos_707,bare,BARE,no companion file found
,54196690-cabc-4ffb-ad24-135d428adfc6,erdos_707,bare,BARE,no companion file found
,5570ad6f-282f-46ef-98c5-9f78731f9dc0,erdos_707,bare,BARE,no companion file found
,3c294536-48cd-438e-ba7f-850389eb81d7,erdos_707,bare,BARE,no companion file found
,ad4f9124-a977-4e9a-8021-e0ba3c271248,erdos_707,bare,BARE,no companion file found
,12775ce3-625d-492f-884a-2033a30bf293,erdos_707,bare,BARE,no companion file found
,c92a91c4-1bf7-4be4-aae4-3ac1e475fb90,erdos_92,bare,BARE,no companion file found
,878558f5-4c05-40ef-b6ac-174817c3c29e,tuza_nu4,bare,BARE,no companion file found
,bdda6c6a-d04e-468e-8fbc-7a84de51e54c,tuza_nu4,bare,BARE,no companion file found
260,6e7b392a-50d0-47d4-9655-0186b39f5ef2,tuza_nu4,bare,BARE,no companion file found
262,d5036209-1858-43fc-94b3-2051ee69720a,tuza_nu4,bare,BARE,no companion file found
,e85a0e29-1a36-42f7-8c5f-70711b138f50,erdos647,bare,BARE,no companion file found
,169d0be5-ce52-4140-81e5-0e91c3bbfa6d,erdos647,bare,BARE,no companion file found
,14f3d06d-6635-4c36-bc7f-bf61275df8eb,erdos1,bare,BARE,no companion file found
,244de51c-e723-4096-9c3f-f7ec3ae0246d,erdos_1_improved,bare,BARE,no companion file found
,ff29b6b2-b2b3-49fd-a824-f718829fc0ac,path4_explicit_8edge,bare,BARE,no companion file found
,2f382d59-f84d-4cd8-9524-40cf3f800e9f,erdos_647_search,bare,BARE,no companion file found
,dfa39515-06ef-4ef8-9a42-8bbd669f547b,erdos_1_real,bare,BARE,no companion file found
263,40362bf6-0bf2-472f-a08c-40f344906f69,path4_v9_fixed,bare,BARE,no companion file found
,9373a94f,erdos_1,bare,BARE,no companion file found
,87ecdf18,erdos_647,bare,BARE,no companion file found
,7efc1f8d,erdos_1,bare,BARE,no companion file found
,ca70c430,tuza_nu4_path4,bare,BARE,no companion file found
,c636fe00,erdos_1,bare,BARE,no companion file found
,1f471d1a,erdos_1,bare,BARE,no companion file found
,aed38afd,erdos_1,bare,BARE,no companion file found
264,3177602d,tuza_nu4_path4,bare,BARE,no companion file found
265,61caf1f9,tuza_nu4_path4,bare,BARE,no companion file found
267,b32e014d-3184-4499-870e-6e27c8e264fd,tuza_nu4,bare,BARE,no companion file found
268,2d2bf972-8429-49b6-82d5-df65fff1d3af,tuza_nu4,bare,BARE,no companion file found
283,5844139e-2554-4788-b144-97fb8b31ed8f,path4_tau_le_8,bare,BARE,no companion file found
284,c1ff678b-2271-4f80-b057-cb2edb94f0e1,path4_tau_le_8,bare,BARE,no companion file found
285,f8caa122-c7fb-4922-a360-58d6b172e4c8,path4_tau_le_8,bare,BARE,no companion file found
286,e1e58fed-cf7b-4b60-b663-65786023e591,path4_tau_le_8,bare,BARE,no companion file found
287,6465a625-6b81-4601-8d71-a9e84d119fe8,path4_tau_le_8,bare,BARE,no companion file found
289,d4c8007f-3103-4b10-88c9-5e53f46df9ad,path4_tau_le_12,bare,BARE,no companion file found
290,bd79807a-f08b-4a01-b406-c467b05618b6,path4_tau_le_12,bare,BARE,no companion file found
291,,path4_tau_le_8,bare,BARE,no companion file found
292,,path4_tau_le_8,bare,BARE,no companion file found
293,,slot293,bare,BARE,no companion file found
293,83bbb701-6c34-4529-976b-80f9c697a8da,slot293,bare,BARE,no companion file found
293,2237d27c-e90d-4953-a148-cd6c6256f70d,slot293_dup,bare,BARE,no companion file found
294,05958cb3-d921-443a-9d93-c935b81c56c4,slot294,bare,BARE,no companion file found
299,21539808-2dc0-49ab-994d-7cdc3534a886,slot299_tau_le_8_optimal,bare,BARE,no companion file found
302,e866a68e-0949-40bb-93e5-45d80ead8130,slot302_tau_le_8,bare,BARE,no companion file found
304,102719f1-8392-4e3a-8172-f4f755cc5c66,slot304_v1b_externals,bare,BARE,no companion file found
307,a856aabc-4eb6-468f-bde5-382e2b5320d4,nu4_path4_tau8,bare,BARE,no companion file found
300,8e94d2ed-ecf9-4452-bf33-1d67353a05e3,nu4_path4_tau10,bare,BARE,no companion file found
301,9b509b6a-7553-4b78-a3aa-3eb969d44535,nu4_path4_fan_apex,bare,BARE,no companion file found
303,132fbf2a-84e5-4fef-b2e6-0eb93e9c5d7e,nu4_path4_fan_apex,bare,BARE,no companion file found
296,0c232c51-e135-4f22-9c88-33bbc2854217,nu4_path4_tau8,bare,BARE,no companion file found
297,e94783ba-cbec-4927-9ff6-abb54659e9ac,nu4_path4_tau8,bare,BARE,no companion file found
298,23d6ee90-0ec0-48c1-9d8b-71b28be1101a,nu4_path4_tau8,bare,BARE,no companion file found
305,89a5470c-eda5-4771-bb25-edce902a280d,nu4_path4_tau8,bare,BARE,no companion file found
308,9f0fac6d-c1bd-4db3-964d-9121f8914b59,nu4_path4_tau8,bare,BARE,no companion file found
306,1658ed6d-db63-42b1-9118-2911c7a06975,tuza_nu4,bare,BARE,no companion file found
309,ba39e952-3f21-4f5a-9a16-46f1fc5abf2c,tuza_nu4,bare,BARE,no companion file found
310,2390c1e5-0d3c-4de3-bc58-56f712c47b1b,tau_le_8_path4,bare,BARE,no companion file found
314,988c07c0-0d26-4db2-b126-4cbed2c87b08,tau_le_8_path4,bare,BARE,no companion file found
317,a7015fe5-c043-4abf-ba25-b20ebf267711,slot317_tau_le_8_minimal,bare,BARE,no companion file found
318,ce8eea51-6ec4-4213-a4c9-a1c06e59985c,slot318_tau_le_8,bare,BARE,no companion file found
319,0eac6cc0-20a7-4a0b-b3a8-fe966bd0dec7,,bare,BARE,no companion file found
321,d31a5c49-c2a3-4c2d-bfe8-d7434797f92f,tau_le_8,bare,BARE,no companion file found
328,,979bdba1-bb87-4a2e-a3e3-4fc8046cd3b4,bare,BARE,no companion file found
329,,slot329_bridge_coverage,bare,BARE,no companion file found
330,a78c8b78-0993-43fc-bb99-83eff04d248a,nu4_bridge_coverage,bare,BARE,no companion file found
331,343ffcc9-4be1-4048-8ddb-4adc29a9bf47,nu4_tau8_direct,bare,BARE,no companion file found
332,d592e75a-6126-45b7-b702-96cdee96fd33,nu4_tau8_coordinated,bare,BARE,no companion file found
333,8c4546fe-5259-475b-a0e4-85921b328af2,tuza_nu4,bare,BARE,no companion file found
342,,,bare,BARE,no companion file found
329,5aa8a02e-6120-45ac-ba5f-6f804b6670eb,tuza_nu4,bare,BARE,no companion file found
333,3d13dd99-85cb-4b1d-98a4-7d06b4d81fff,tuza_nu4,bare,BARE,no companion file found
346,3a532a32-8e85-40f3-b0db-ca2a89ccaa35,tau_le_8,bare,BARE,no companion file found
335,aba04c65-b6a4-4ef8-a49e-8ca4b53b91a8,tau_le_8,bare,BARE,no companion file found
334,66e2afa4-c890-42ab-aa1c-a7eebdd105af,tau_le_8,bare,BARE,no companion file found
347,e98605df-48e3-4c1c-acd4-a039c307546e,slot347_bridge_coordination,bare,BARE,no companion file found
300,,tuza_nu4,bare,BARE,no companion file found
301,,tuza_nu4,bare,BARE,no companion file found
303,,tuza_nu4,bare,BARE,no companion file found
307,,tuza_nu4,bare,BARE,no companion file found
308,,tuza_nu4,bare,BARE,no companion file found
309,,tuza_nu4,bare,BARE,no companion file found
309,,tuza_nu4,bare,BARE,no companion file found
310,,tuza_nu4,bare,BARE,no companion file found
311,,tuza_nu4,bare,BARE,no companion file found
312,,tuza_nu4,bare,BARE,no companion file found
313,,tuza_nu4,bare,BARE,no companion file found
314,,tuza_nu4,bare,BARE,no companion file found
315,,tuza_nu4,bare,BARE,no companion file found
316,,tuza_nu4,bare,BARE,no companion file found
320,,tuza_nu4,bare,BARE,no companion file found
321,,tuza_nu4,bare,BARE,no companion file found
322,,tuza_nu4,bare,BARE,no companion file found
322,,tuza_nu4,bare,BARE,no companion file found
323,,tuza_nu4,bare,BARE,no companion file found
323,,tuza_nu4,bare,BARE,no companion file found
324,,tuza_nu4,bare,BARE,no companion file found
325,,tuza_nu4,bare,BARE,no companion file found
325,,tuza_nu4,bare,BARE,no companion file found
326,,tuza_nu4,bare,BARE,no companion file found
327,,tuza_nu4,bare,BARE,no companion file found
332,,tuza_nu4,bare,BARE,no companion file found
333,,tuza_nu4,bare,BARE,no companion file found
333,,tuza_nu4,bare,BARE,no companion file found
334,,tuza_nu4,bare,BARE,no companion file found
335,,tuza_nu4,bare,BARE,no companion file found
340,,tuza_nu4,bare,BARE,no companion file found
342,,tuza_nu4,bare,BARE,no companion file found
343,,tuza_nu4,bare,BARE,no companion file found
344,,tuza_nu4,bare,BARE,no companion file found
345,,tuza_nu4,bare,BARE,no companion file found
347,,tuza_nu4,bare,BARE,no companion file found
350,,tuza_nu4,bare,BARE,no companion file found
351,,tuza_nu4,bare,BARE,no companion file found
356,330a5150-6abf-48b3-a669-8ce5d5f58801,slot356,bare,BARE,no companion file found
340,d4b25297-0e31-488b-993d-cb85370f3825,slot340,bare,BARE,no companion file found
342,ad977837-fd1f-4fb8-ae0a-5ac3d7611e3a,slot342,bare,BARE,no companion file found
343,323df54a-e9b0-4be1-a901-379a1ae45b2c,slot343,bare,BARE,no companion file found
344,7130b121-0fc2-4655-9fad-6fdfc1400bcd,slot344,bare,BARE,no companion file found
345,23aa4c7d-e50d-46d7-8582-6f3f4890c788,slot345,bare,BARE,no companion file found
348,a8917f97-52b4-48c3-99a3-48a8da4bf670,slot348,bare,BARE,no companion file found
349,45b44abe-931d-4ab1-86b9-d0ddd754e2f3,slot349,bare,BARE,no companion file found
351,3e0f75c3-43d9-4322-aa21-2349d3d96898,slot351,bare,BARE,no companion file found
354,b4afe105-3cba-484f-9ea2-10a7969a15f9,slot354,bare,BARE,no companion file found
370,9a0703f3-9e38-4698-8226-1387712c51fc,tuza_nu4,bare,BARE,no companion file found
,bace71ea-f7a8-4897-a6e9-ad22224e80a0,nu4_star_all_4_tau_le_4,bare,BARE,no companion file found
,be851da8-dc12-4b3d-bbf8-42545a7187f5,nu4_scattered_tau_le_4,bare,BARE,no companion file found
,8b25faab-d48a-43d5-9193-136c68402797,nu4_cycle4_tau_le_4,bare,BARE,no companion file found
,140ef3b5-2bc8-4779-b71d-f762e5841820,nu4_three_share_v_tau_le_4,bare,BARE,no companion file found
,98972b6f-3f2b-4c3d-82ef-927c402bab1a,nu4_two_two_vw_tau_le_4,bare,BARE,no companion file found
380,3243aa02-599e-4687-95c9-fe4d8b161887,slot380,bare,BARE,no companion file found
381,58a5cdd0-5f81-432e-9330-bbcde7c5cd69,slot381,bare,BARE,no companion file found
382,0abaf38d-88c2-4ad9-b766-95be0111a25c,slot382,bare,BARE,no companion file found
383,98cbb539-419e-4f73-9c3f-44dbead10a68,slot383,bare,BARE,no companion file found
384,f36dcc8c-1b8b-40f0-905d-2bd9aba3e9f9,slot384,bare,BARE,no companion file found
389,3d260ee2-6934-446b-9b2b-1caf0ca9a61a,slot389,bare,BARE,no companion file found
390,6246cc8a-40c3-41b1-a822-c002c5ee2751,slot390,bare,BARE,no companion file found
391,e50414de-720e-4b45-9bec-e816305d1cf8,slot391,bare,BARE,no companion file found
392,056ff710-6cdf-4380-a767-007244ddae11,slot392,bare,BARE,no companion file found
408,e40d1a34-d610-4add-8f69-29d45163c6c6,slot408,bare,BARE,no companion file found
,8cb8ee42-23db-4ba8-aad3-88660d8f3991,slot403_adaptive_cover,bare,BARE,no companion file found
,ae0ebaed-8aeb-486b-9d14-69d4f3bd0293,slot405_six_packing,bare,BARE,no companion file found
,406343f9-6feb-4132-b31a-dc19f0914d51,slot398_lp_tau_8,bare,BARE,no companion file found
,72bb0e1a-ee89-4229-9b60-244d623e3091,slot410_tau_8_explicit,bare,BARE,no companion file found
,81bc617c-e267-4b95-848c-730d61b1e91e,slot409_tau_8_adaptive,bare,BARE,no companion file found
,a1cfae0f-f8a4-4279-bd6d-cae77bc5ed0f,slot412_6packing_proof,bare,BARE,no companion file found
406,,tuza_nu4,bare,BARE,no companion file found
407,,,bare,BARE,no companion file found
412,,tuza_nu4,bare,BARE,no companion file found
400,,tuza_nu4,bare,BARE,no companion file found
401,,tuza_nu4,bare,BARE,no companion file found
402,,tuza_nu4,bare,BARE,no companion file found
403,,tuza_nu4,bare,BARE,no companion file found
404,,tuza_nu4,bare,BARE,no companion file found
405,,tuza_nu4,bare,BARE,no companion file found
408,,tuza_nu4,bare,BARE,no companion file found
409,,tuza_nu4,bare,BARE,no companion file found
410,,tuza_nu4,bare,BARE,no companion file found
413,,tuza_nu4,bare,BARE,no companion file found
422,,tuza_nu4,bare,BARE,no companion file found
417,,tuza_nu4,bare,BARE,no companion file found
419,,tuza_nu4,bare,BARE,no companion file found
416,,tuza_nu4,bare,BARE,no companion file found
421,,tuza_nu4,bare,BARE,no companion file found
423,,,bare,BARE,no companion file found
426,e4e15bd5-5cc4-4e40-a40d-21014544b044,tuza_nu4,bare,BARE,no companion file found
427,1da5dc63-aa51-4387-b7b9-f01a38391a3c,,bare,BARE,no companion file found
429,aa115d86-5779-48c4-b530-fbbf7c51fa24,,bare,BARE,no companion file found
430,,,bare,BARE,no companion file found
426,e4e15bd5-output,tuza_nu4,bare,BARE,no companion file found
440,1dba1828-8bfd-4208-87e7-123544c3d9b0,nu4_bridge_containment,bare,BARE,no companion file found
441,67c528b3-7c3d-49f0-ae40-6d0212d2e66f,nu4_bridge_containment,bare,BARE,no companion file found
434,13afd872-7c9e-474f-ab6c-2b908fba0f7a,slot434,bare,BARE,no companion file found
427,031e1af5-5eb0-4b26-8162-9c460e824a19,slot427,bare,BARE,no companion file found
436,78f4fcb6-11ea-4940-b9ef-878da461cd7c,slot436,bare,BARE,no companion file found
,ca9564fa-d8d8-4f60-a6af-d69d3471060e,slot442_tau_le_8_path4_v2,bare,BARE,no companion file found
,38c72c5b-895e-45fd-b030-4a13242af31f,slot443_tau_le_8_path4,bare,BARE,no companion file found
444,c90f8763-0609-4644-8af5-b602db257a7c,slot444_tau_le_8_coordinated,bare,BARE,no companion file found
436,c3e811d4-a2a4-4214-bcd4-b833f194ada1,slot436_adaptive_middle,bare,BARE,no companion file found
445,30ec1f57-9682-43e7-900d-176f3c9d067a,slot445_BC_conflict_test,bare,BARE,no companion file found
446,9a618a8a-171e-4229-9f92-45103da87d41,slot446_endpoint_cover,bare,BARE,no companion file found
447,8f705577-a877-4a93-9d1c-670200010566,slot447_BC_conflict_fixed,bare,BARE,no companion file found
448,1296fb5e-98ca-4d4d-875a-8335c13e7f94,tuza_nu4,bare,BARE,no companion file found
449,2639f4ae-e473-40be-bbf5-e68606b4cf5e,tuza_nu4,bare,BARE,no companion file found
450,1277ee2d-c8dd-41b7-a2e3-da88d626d1cb,tuza_nu4,bare,BARE,no companion file found
451,bd6491a7-c895-4ef7-91c5-eef08d71e634,tuza_nu4,bare,BARE,no companion file found
452,,slot452_case2a,bare,BARE,no companion file found
453,,slot453_case1,bare,BARE,no companion file found
451,,slot451_five_packing,bare,BARE,no companion file found
454,,slot454_assembly_v2,bare,BARE,no companion file found
455,,slot455,bare,BARE,no companion file found
456,,slot456,bare,BARE,no companion file found
457,,slot457,bare,BARE,no companion file found
458,,slot458,bare,BARE,no companion file found
459,,tuza_nu4_pattern_exhaustive,bare,BARE,no companion file found
460,,tuza_nu4_classification,bare,BARE,no companion file found
461,,tuza_nu4_degree_bounds,bare,BARE,no companion file found
462,,tuza_nu4_fin12_main,bare,BARE,no companion file found
464,,tuza_nu4_k13_central,bare,BARE,no companion file found
465,,tuza_nu4_4_missing,bare,BARE,no companion file found
466,,tuza_nu4_exhaustiveness,bare,BARE,no companion file found
136,,tuza_nu4,bare,BARE,no companion file found
138,,tuza_nu4,bare,BARE,no companion file found
142,,tuza_nu4,bare,BARE,no companion file found
143,,tuza_nu4,bare,BARE,no companion file found
144,,tuza_nu4,bare,BARE,no companion file found
145,,tuza_nu4,bare,BARE,no companion file found
147,,tuza_nu4,bare,BARE,no companion file found
148,,tuza_nu4,bare,BARE,no companion file found
155,,tuza_nu4,bare,BARE,no companion file found
157,,tuza_nu4,bare,BARE,no companion file found
159,,tuza_nu4,bare,BARE,no companion file found
159,,tuza_nu4,bare,BARE,no companion file found
161,,tuza_nu4,bare,BARE,no companion file found
162,,tuza_nu4,bare,BARE,no companion file found
165,,tuza_nu4,bare,BARE,no companion file found
166,,tuza_nu4,bare,BARE,no companion file found
172,,tuza_nu4,bare,BARE,no companion file found
174,,tuza_nu4,bare,BARE,no companion file found
177,,tuza_nu4,bare,BARE,no companion file found
223,,tuza_nu4,bare,BARE,no companion file found
223,,tuza_nu4,bare,BARE,no companion file found
223,,tuza_nu4,bare,BARE,no companion file found
223,,tuza_nu4,bare,BARE,no companion file found
223,,tuza_nu4,bare,BARE,no companion file found
223,,tuza_nu4,bare,BARE,no companion file found
223,,tuza_nu4,bare,BARE,no companion file found
223,,tuza_nu4,bare,BARE,no companion file found
224,,tuza_nu4,bare,BARE,no companion file found
224,,tuza_nu4,bare,BARE,no companion file found
224,,tuza_nu4,bare,BARE,no companion file found
227,,tuza_nu4,bare,BARE,no companion file found
254,,tuza_nu4,bare,BARE,no companion file found
257,,tuza_nu4,bare,BARE,no companion file found
263,,tuza_nu4,bare,BARE,no companion file found
267,,tuza_nu4,bare,BARE,no companion file found
268,,tuza_nu4,bare,BARE,no companion file found
269,,tuza_nu4,bare,BARE,no companion file found
269,,tuza_nu4,bare,BARE,no companion file found
271,,tuza_nu4,bare,BARE,no companion file found
272,,tuza_nu4,bare,BARE,no companion file found
274,,tuza_nu4,bare,BARE,no companion file found
275,,tuza_nu4,bare,BARE,no companion file found
276,,tuza_nu4,bare,BARE,no companion file found
281,,tuza_nu4,bare,BARE,no companion file found
283,,tuza_nu4,bare,BARE,no companion file found
284,,tuza_nu4,bare,BARE,no companion file found
285,,tuza_nu4,bare,BARE,no companion file found
286,,tuza_nu4,bare,BARE,no companion file found
287,,tuza_nu4,bare,BARE,no companion file found
291,,tuza_nu4,bare,BARE,no companion file found
292,,tuza_nu4,bare,BARE,no companion file found
293,,tuza_nu4,bare,BARE,no companion file found
294,,tuza_nu4,bare,BARE,no companion file found
296,,tuza_nu4,bare,BARE,no companion file found
297,,tuza_nu4,bare,BARE,no companion file found
298,,tuza_nu4,bare,BARE,no companion file found
299,,tuza_nu4,bare,BARE,no companion file found
348,,tuza_nu4,bare,BARE,no companion file found
349,,tuza_nu4,bare,BARE,no companion file found
351,,tuza_nu4,bare,BARE,no companion file found
354,,tuza_nu4,bare,BARE,no companion file found
356,,tuza_nu4,bare,BARE,no companion file found
373,,tuza_nu4,bare,BARE,no companion file found
382,,tuza_nu4,bare,BARE,no companion file found
385,,tuza_nu4,bare,BARE,no companion file found
387,,tuza_nu4,bare,BARE,no companion file found
393,,tuza_nu4,bare,BARE,no companion file found
394,,tuza_nu4,bare,BARE,no companion file found
395,,tuza_nu4,bare,BARE,no companion file found
397,,tuza_nu4,bare,BARE,no companion file found
398,,tuza_nu4,bare,BARE,no companion file found
40,,tuza_nu4,bare,BARE,no companion file found
425,,tuza_nu4,bare,BARE,no companion file found
426,,tuza_nu4,bare,BARE,no companion file found
427,,tuza_nu4,bare,BARE,no companion file found
427,,tuza_nu4,bare,BARE,no companion file found
430,,tuza_nu4,bare,BARE,no companion file found
431,,tuza_nu4,bare,BARE,no companion file found
439,,tuza_nu4,bare,BARE,no companion file found
444,,tuza_nu4,bare,BARE,no companion file found
446,,tuza_nu4,bare,BARE,no companion file found
449,,tuza_nu4,bare,BARE,no companion file found
454,,tuza_nu4,bare,BARE,no companion file found
456,,tuza_nu4,bare,BARE,no companion file found
457,,tuza_nu4,bare,BARE,no companion file found
458,,tuza_nu4,bare,BARE,no companion file found
463,,tuza_nu4,bare,BARE,no companion file found
474,,tuza_nu4,bare,BARE,no companion file found
475,,tuza_nu4,bare,BARE,no companion file found
476,,tuza_nu4,bare,BARE,no companion file found
477,,tuza_nu4,bare,BARE,no companion file found
478,,tuza_nu4,bare,BARE,no companion file found
482,,tuza_nu4,bare,BARE,no companion file found
484,,tuza_nu4,bare,BARE,no companion file found
486,,tuza_nu4,bare,BARE,no companion file found
486,,tuza_nu4,bare,BARE,no companion file found
489,,tuza_nu4,bare,BARE,no companion file found
49,,tuza_nu4,bare,BARE,no companion file found
490,,tuza_nu4,bare,BARE,no companion file found
491,,tuza_nu4,bare,BARE,no companion file found
494,,tuza_nu4,bare,BARE,no companion file found
495,,tuza_nu4,bare,BARE,no companion file found
496,,tuza_nu4,bare,BARE,no companion file found
497,,tuza_nu4,bare,BARE,no companion file found
52,,tuza_nu4,bare,BARE,no companion file found
54,,tuza_nu4,bare,BARE,no companion file found
55,,tuza_nu4,bare,BARE,no companion file found
57,,tuza_nu4,bare,BARE,no companion file found
60,,tuza_nu4,bare,BARE,no companion file found
61,,tuza_nu4,bare,BARE,no companion file found
62,,tuza_nu4,bare,BARE,no companion file found
63,,tuza_nu4,bare,BARE,no companion file found
377,,tuza_nu4,bare,BARE,no companion file found
422,,tuza_nu4,bare,BARE,no companion file found
485,,tuza_nu4,bare,BARE,no companion file found
472,,tuza_nu4,bare,BARE,no companion file found
488,,tuza_nu4,bare,BARE,no companion file found
370,,tuza_nu4,bare,BARE,no companion file found
381,,tuza_nu4,bare,BARE,no companion file found
224,,tuza_nu4,bare,BARE,no companion file found
375,,tuza_nu4,bare,BARE,no companion file found
488,,tuza_nu4,bare,BARE,no companion file found
423,,,bare,BARE,no companion file found
159,,tuza_nu4,bare,BARE,no companion file found
488,,tuza_nu4,bare,BARE,no companion file found
290,,tuza_nu4,bare,BARE,no companion file found
158,,tuza_nu4,bare,BARE,no companion file found
467,,,bare,BARE,no companion file found
139,,,bare,BARE,no companion file found
384,,tuza_nu4,bare,BARE,no companion file found
487,,tuza_nu4,bare,BARE,no companion file found
165,,tuza_nu4,bare,BARE,no companion file found
383,,tuza_nu4,bare,BARE,no companion file found
455,,tuza_nu4,bare,BARE,no companion file found
156,,tuza_nu4,bare,BARE,no companion file found
376,,tuza_nu4,bare,BARE,no companion file found
471,,tuza_nu4,bare,BARE,no companion file found
434,,tuza_nu4,bare,BARE,no companion file found
149,,tuza_nu4,bare,BARE,no companion file found
223,,tuza_nu4,bare,BARE,no companion file found
223,,tuza_nu4,bare,BARE,no companion file found
379,,tuza_nu4,bare,BARE,no companion file found
289,,tuza_nu4,bare,BARE,no companion file found
378,,tuza_nu4,bare,BARE,no companion file found
160,,tuza_nu4,bare,BARE,no companion file found
470,,tuza_nu4,bare,BARE,no companion file found
155,,,bare,BARE,no companion file found
148,,tuza_nu4,bare,BARE,no companion file found
148,,tuza_nu4,bare,BARE,no companion file found
487,,tuza_nu4,bare,BARE,no companion file found
421,,tuza_nu4,bare,BARE,no companion file found
483,,tuza_nu4,bare,BARE,no companion file found
151,,tuza_nu4,bare,BARE,no companion file found
448,,tuza_nu4,bare,BARE,no companion file found
445,,tuza_nu4,bare,BARE,no companion file found
380,,tuza_nu4,bare,BARE,no companion file found
498,,tuza_nu4,bare,BARE,no companion file found
223,,tuza_nu4,bare,BARE,no companion file found
473,,tuza_nu4,bare,BARE,no companion file found
485,,tuza_nu4,bare,BARE,no companion file found
447,,tuza_nu4,bare,BARE,no companion file found
450,,,bare,BARE,no companion file found
469,,tuza_nu4,bare,BARE,no companion file found
468,,,bare,BARE,no companion file found
485,,tuza_nu4,bare,BARE,no companion file found
150,,tuza_nu4,bare,BARE,no companion file found
223,,tuza_nu4,bare,BARE,no companion file found
518,,tuza_nu4,bare,BARE,no companion file found
519,,,bare,BARE,no companion file found
512,,,bare,BARE,no companion file found
,7e360cc6-04bd-4b04-b6b8-b05faae9bd86,slot523_bridge_spine_coverage,bare,BARE,no companion file found
,,slot525_two_edges_valid,bare,BARE,no companion file found
,,slot526_two_edges_clean,bare,BARE,no companion file found
,,tuza_nu4,bare,BARE,no companion file found
,,tuza_nu4,bare,BARE,no companion file found
,,tuza_nu4,bare,BARE,no companion file found
,,tuza_nu4,bare,BARE,no companion file found
,bb7c957f-9534-4002-a9a4-c5ff4e7aba9e,slot531_K4free,bare,BARE,no companion file found
,45c5ad71-ce42-4120-8c21-e2b72cd05d0d,slot49_star_all_4,bare,BARE,no companion file found
,ccf10033-edc2-4aa5-96d7-c6877e58e7af,slot50_three_share_v,bare,BARE,no companion file found
,5875ee26-d7a7-4ec0-8ef9-d1e401ce8403,slot51_spoke_cover,bare,BARE,no companion file found
,dddd0278-cd90-4792-92ac-8313d4234f19,slot52_base_cover,bare,BARE,no companion file found
,6f803fd2-c9f0-4205-8dd7-e90128218a07,slot53_triple_apex,bare,BARE,no companion file found
54,,7ae7b3e6-c688-4b6d-9db0-0de84f23fa35,bare,BARE,no companion file found
55,,e4503a3d-ff4c-440a-915e-77abbf2ee09c,bare,BARE,no companion file found
56,,56ab6ac5-e8d7-4d0a-82b6-6546988e944f,bare,BARE,no companion file found
57,,58431123-f4e2-4f0c-b447-350fdbfef9e5,bare,BARE,no companion file found
58,,tuza_nu4,bare,BARE,no companion file found
532,,nu4_bad_bridge,bare,BARE,no companion file found
533,,nu4_assembly,bare,BARE,no companion file found
534,,nu4_exchange,bare,BARE,no companion file found
535,,nu4_disjoint,bare,BARE,no companion file found
536,,nu4_two_two,bare,BARE,no companion file found
537,,nu4_lp,bare,BARE,no companion file found
540,,nu4_5pack_concrete,bare,BARE,no companion file found
535,,slot535,bare,BARE,no companion file found
540,,slot540,bare,BARE,no companion file found
535,,slot535,bare,BARE,no companion file found
538,,slot538,bare,BARE,no companion file found
540,,slot540,bare,BARE,no companion file found
541,,slot541,bare,BARE,no companion file found
331,,slot331,bare,BARE,no companion file found
532,,slot532,bare,BARE,no companion file found
534,,slot534,bare,BARE,no companion file found
536,,slot536,bare,BARE,no companion file found
537,,slot537,bare,BARE,no companion file found
539,,slot539,bare,BARE,no companion file found
65,,slot65_singleton_conflict_def,bare,BARE,no companion file found
66,,slot66_safe_discard_soundness,bare,BARE,no companion file found
67,,slot67_bridge_absorption,bare,BARE,no companion file found
74,,slot74_cycle4_complete,bare,BARE,no companion file found
74,,slot74b_cycle4_Se,bare,BARE,no companion file found
75,,slot75_path4_hybrid,bare,BARE,no companion file found
75,,slot75_cycle4_final_assembly,bare,BARE,no companion file found
76,,slot76_two_two_vw,bare,BARE,no companion file found
76,,slot76_two_two_vw_verified,bare,BARE,no companion file found
77,,slot77_cycle4_verified,bare,BARE,no companion file found
78,,slot78_cycle4_corrected,bare,BARE,no companion file found
79,,slot79_cycle4_final,bare,BARE,no companion file found
90,,slot90_cycle4_CORRECTED,bare,BARE,no companion file found
111,,slot111_two_vertex_decomposition,bare,BARE,no companion file found
111,,slot111_contrapositive,bare,BARE,no companion file found
112,,slot112_no_disjoint_petals,bare,BARE,no companion file found
114,a1a378a7-1942-4bf8-87e4-2c73d39b3884,slot114_test_diagonal_exclusion,bare,BARE,no companion file found
115,,slot115_disjoint_partition,bare,BARE,no companion file found
116,7e7767af-2c70-49b8-8566-332458dce09e,slot116_local_tuza_link_graph,bare,BARE,no companion file found
117,,slot117_packing_sum_bound,bare,BARE,no companion file found
118,,slot118_cycle4_final_bound,bare,BARE,no companion file found
120,,slot120_shared_edges_foundation,bare,BARE,no companion file found
121,,slot121_spoke_cover_exists,bare,BARE,no companion file found
122,,slot122_link_graph_cover,bare,BARE,no companion file found
123,,slot123_overlap_cover,bare,BARE,no companion file found
124,,slot124_tau_at_shared_vertex_le_2,bare,BARE,no companion file found
125,,slot125_cycle4_sunflower_test,bare,BARE,no companion file found
135,,slot135_approach_c_edge_link,bare,BARE,no companion file found
140,,slot140_tau_le_8_greedy,bare,BARE,no companion file found
141,,slot141_tau_le_8_existential,bare,BARE,no companion file found
146,,slot146_cycle4_combined,bare,BARE,no companion file found
152,,slot152_cycle4_tau8_fixed,bare,BARE,no companion file found
163,,slot163_externals_zero_saturated,bare,BARE,no companion file found
164,,slot164_nu_star_eq_4,bare,BARE,no companion file found
167,,slot167_tau_le_8,bare,BARE,no companion file found
168,,slot168_constructive_8cover,bare,BARE,no companion file found
169,,slot169_packingWeight_le_4,bare,BARE,no companion file found
170,,slot170_nu_star_eq_4_fixed,bare,BARE,no companion file found
171,,slot171_edge_counting,bare,BARE,no companion file found
173,,slot173_exchange_injection,bare,BARE,no companion file found
175,,slot175_v2_external_count_fixed,bare,BARE,no companion file found
175,,slot175_external_count_bounded,bare,BARE,no companion file found
176,,slot176_tau_le_8_adaptive,bare,BARE,no companion file found
178,,slot178_vertex_sunflower,bare,BARE,no companion file found
181,,slot181_externals_share_edge_v2,bare,BARE,no companion file found
182,,slot182_externals_share_edge_complete,bare,BARE,no companion file found
183,,slot183_nu_star_approach,bare,BARE,no companion file found
184,,slot184_helly_external_common_edge,bare,BARE,no companion file found
185,,slot185_universal_apex,bare,BARE,no companion file found
186,,slot186_direct_8edge_cover,bare,BARE,no companion file found
187,,slot187_tau_le_10_fallback,bare,BARE,no companion file found
200,,slot200_fan_apex_tau_le_8,bare,BARE,no companion file found
201,,slot201_common_spoke_vertex,bare,BARE,no companion file found
201,,slot201_scattered_tau_8,bare,BARE,no companion file found
202,,slot202_spoke_covers_externals,bare,BARE,no companion file found
203,,slot203_two_edges_per_M,bare,BARE,no companion file found
204,,slot204_bridge_at_shared_vertex,bare,BARE,no companion file found
205,,slot205_cover_hits_bridge,bare,BARE,no companion file found
206,,slot206_tau_le_8_no_bridges,bare,BARE,no companion file found
207,,slot207_tau_le_8_cycle4_final,bare,BARE,no companion file found
207,,slot207_link_graph_bipartite,bare,BARE,no companion file found
208,,slot208_path4_no_DA_bridges,bare,BARE,no companion file found
209,,slot209_path4_tau_le_8,bare,BARE,no companion file found
210,,slot210_tau_le_8_all_cases,bare,BARE,no companion file found
210,,slot210_cycle4_tau_8,bare,BARE,no companion file found
211,,slot211_tau_le_10_intermediate,bare,BARE,no companion file found
212,,slot212_tau_le_12_reconfirm,bare,BARE,no companion file found
213,,slot213_lp_approach,bare,BARE,no companion file found
214,,slot214_adaptive_cover,bare,BARE,no companion file found
215,,slot215_novel_approach,bare,BARE,no companion file found
215,,slot215_adaptive_8cover,bare,BARE,no companion file found
216,,slot216_nu_star_le_4,bare,BARE,no companion file found
217,,slot217_adaptive_8_cover,bare,BARE,no companion file found
218,,slot218_hybrid_lp_tau_le_8,bare,BARE,no companion file found
219,,slot219_cycle4_distinct_elements,bare,BARE,no companion file found
220,,slot220_tau_le_8_simplified,bare,BARE,no companion file found
221,,slot221_tau_le_8_corrected,bare,BARE,no companion file found
222,,slot222_tau_le_8_synthesis,bare,BARE,no companion file found
225,,slot225_bridge_externals_share_apex,bare,BARE,no companion file found
226,,slot226_bridge_externals_share_apex_v2,bare,BARE,no companion file found
226,,slot226_bridge_externals_share_apex,bare,BARE,no companion file found
231,,slot231_star_tau_le_8,bare,BARE,no companion file found
234,,slot234_lp_dual_witness,bare,BARE,no companion file found
251,,slot251_tau_per_M_element_le_2,bare,BARE,no companion file found
252,,slot252_same_edge_counterexample,bare,BARE,no companion file found
253,,slot253_covering_per_M_element,bare,BARE,no companion file found
255,,slot255_tau_adjacent_pair_RESUB,bare,BARE,no companion file found
256,f12c1709-6499-48f7-82a1-0d829dcf5449,slot256_bridge_counting_RESUB,bare,BARE,no companion file found
256,,slot256_bridge_counting_RESUB_v2,bare,BARE,no companion file found
258,7fb78658-3076-48d2-ae81-88d06cc2e143,slot258_path4_optimized,bare,BARE,no companion file found
259,,slot259_path4_main_theorem,bare,BARE,no companion file found
261,,slot261_path4_final,bare,BARE,no companion file found
266,,slot266_tau_le_8_final,bare,BARE,no companion file found
277,,slot277_fan_apex_path4,bare,BARE,no companion file found
278,,slot278_fan_apex_single,bare,BARE,no companion file found
279,,slot279_correct_fan_apex,bare,BARE,no companion file found
280,,slot280_correct_8edge_cover,bare,BARE,no companion file found
282,,slot282_ultrathink_v2,bare,BARE,no companion file found
288,,slot288_inline_cover,bare,BARE,no companion file found
295,,slot295_v1_neighbor_lemma,bare,BARE,no companion file found
295,,slot295_case1_v1_cover,bare,BARE,no companion file found
,,PROOF_TEMPLATE_cover_hits_B_C,bare,BARE,no companion file found
,,lemma05_fan_apex_not_in_other_M,bare,BARE,no companion file found
110,,slot110_support_sunflower,bare,BARE,no companion file found
126,,slot126_diagonal_pairing,bare,BARE,no companion file found
127,,slot127_distinctness_axioms_output,bare,BARE,no companion file found
128,,slot128_element_contains_shared_output,bare,BARE,no companion file found
129,,slot129_support_sunflower_output,bare,BARE,no companion file found
130,,slot130_tau_le_8_assembly_output,bare,BARE,no companion file found
131,,slot131_packing_at_shared_le_1,bare,BARE,no companion file found
142,,slot142_konig_lite_v2,bare,BARE,no companion file found
143,,slot143_existential,bare,BARE,no companion file found
143,,slot143_existential_v2,bare,BARE,no companion file found
145,,slot145_direct_cycle4,bare,BARE,no companion file found
145,,slot145_direct_cycle4_v2,bare,BARE,no companion file found
147,,slot147_lp_relaxation,bare,BARE,no companion file found
148,,slot148_direct_8edge,bare,BARE,no companion file found
148,,slot148_scattered_tau_le_8,bare,BARE,no companion file found
153,,slot153b_nu_star_le_4_CORRECTED,bare,BARE,no companion file found
153,,slot153b_nu_star_le_4_ROUND4,bare,BARE,no companion file found
155,,slot155_M_edge_unique_owner,bare,BARE,no companion file found
155,,slot155_v2_M_edge_unique_owner,bare,BARE,no companion file found
156,,slot156_M_element_has_3_edges,bare,BARE,no companion file found
157,,slot157_M_edges_card,bare,BARE,no companion file found
158,,slot158_external_shares_M_edge,bare,BARE,no companion file found
159,,slot159_M_weight_le_card,bare,BARE,no companion file found
159,,slot159_v2_M_weight_le_card,bare,BARE,no companion file found
159,,slot159_v3_M_weight_le_card,bare,BARE,no companion file found
160,,slot160_nu_star_le_4,bare,BARE,no companion file found
160,,slot160a_packingWeight_split,bare,BARE,no companion file found
160,,slot160b_external_tradeoff,bare,BARE,no companion file found
160,,slot160b_v2_simple,bare,BARE,no companion file found
160,,slot160c_nu_star_le_4,bare,BARE,no companion file found
160,,slot160c_v2_M_char_optimal,bare,BARE,no companion file found
160,,slot160c_v2_simple,bare,BARE,no companion file found
165,,slot165_indicator_packing,bare,BARE,no companion file found
165,,slot165_v2_indicator_packing,bare,BARE,no companion file found
166,,slot166_nu_star_eq_4_combined,bare,BARE,no companion file found
172,,slot172_exchange_direct,bare,BARE,no companion file found
174,,slot174_dual_certificate,bare,BARE,no companion file found
174,,slot174_exchange_optimal,bare,BARE,no companion file found
223,,slot223_external_common_edge,bare,BARE,no companion file found
223,,slot223a_link_graph_small,bare,BARE,no companion file found
223,,slot223b_independence_ge_2,bare,BARE,no companion file found
223,,slot223b_independence_v2,bare,BARE,no companion file found
223,,slot223c_four_vertex_cover,bare,BARE,no companion file found
223,,slot223c_vertex_cover_le_2,bare,BARE,no companion file found
223,,slot223d_triangle_contains_shared,bare,BARE,no companion file found
223,,slot223e_cover_to_edges,bare,BARE,no companion file found
223,,slot223e_cover_to_edges_v2,bare,BARE,no companion file found
223,,slot223e_extraction,bare,BARE,no companion file found
223,,slot223e_simple,bare,BARE,no companion file found
223,,slot223e_vertex_to_edge_cover,bare,BARE,no companion file found
223,,slot223f_tau_le_8_main,bare,BARE,no companion file found
224,,slot224_common_edge_tau8,bare,BARE,no companion file found
224,,slot224_helly_tau8,bare,BARE,no companion file found
224,,slot224a_helly_triangles,bare,BARE,no companion file found
224,,slot224b_tau8_final,bare,BARE,no companion file found
224,,slot224c_different_edges,bare,BARE,no companion file found
224,,slot224d_self_contained,bare,BARE,no companion file found
224,,slot224e_api_fixed,bare,BARE,no companion file found
224,,slot224f_compiled,bare,BARE,no companion file found
250,,slot250_all_externals_share_apex,bare,BARE,no companion file found
254,,slot254_lp_nu_star_RESUB,bare,BARE,no companion file found
254,,slot254_lp_nu_star_RESUB_v2,bare,BARE,no companion file found
257,,slot257_path4_tau_le_8_RESUB,bare,BARE,no companion file found
263,,slot263_path4_explicit,bare,BARE,no companion file found
263,,slot263_path4_explicit_DISJOINTNESS_GUIDE,bare,BARE,no companion file found
269,,slot269_dynamic_cover,bare,BARE,no companion file found
269,,slot269_middle_structure,bare,BARE,no companion file found
269,,slot269_path4_v2,bare,BARE,no companion file found
269,,slot269_structural,bare,BARE,no companion file found
271,,slot271_path4_revised_cover,bare,BARE,no companion file found
272,,slot272_mutual_exclusion,bare,BARE,no companion file found
274,,slot274_tpair_decomp,bare,BARE,no companion file found
276,,slot276_enhanced_coverage,bare,BARE,no companion file found
281,,slot281_ultrathink,bare,BARE,no companion file found
296,,slot296_cover8_RECOMMENDED,bare,BARE,no companion file found
296,,slot296_cover8_v1_externals_fix,bare,BARE,no companion file found
49,,slot49_star_all_4_clean,bare,BARE,no companion file found
49,,slot49_star_all_4_clean,bare,BARE,no companion file found
49,,slot49a_output,bare,BARE,no companion file found
49,,slot49b_with_bridge_lemma,bare,BARE,no companion file found
50,,slot50_three_share_v_clean,bare,BARE,no companion file found
50,,slot50_three_share_v_clean,bare,BARE,no companion file found
51,,slot51_spoke_cover_lemma,bare,BARE,no companion file found
51,,slot51_spoke_cover_lemma,bare,BARE,no companion file found
52,,slot52_base_cover_lemma,bare,BARE,no companion file found
52,,slot52_base_cover_lemma,bare,BARE,no companion file found
53,,slot53_direct_construction,bare,BARE,no companion file found
53,,slot53_triple_apex_fixed,bare,BARE,no companion file found
54,,slot54_scattered_phase2,bare,BARE,no companion file found
54,,slot54_scattered_phase2,bare,BARE,no companion file found
55,,slot55_two_two_vw_phase2,bare,BARE,no companion file found
55,,slot55_two_two_vw_phase2,bare,BARE,no companion file found
56,,slot56_lp_correct,bare,BARE,no companion file found
56,,slot56_scattered_general,bare,BARE,no companion file found
56,,slot56_scattered_general,bare,BARE,no companion file found
57,,slot57_path4_8cover,bare,BARE,no companion file found
57,,slot57_propeller_nu_verify,bare,BARE,no companion file found
57,,slot57_propeller_nu_verify,bare,BARE,no companion file found
58,,slot58_path4_unified,bare,BARE,no companion file found
61,,slot61_tau_pair_case_split,bare,BARE,no companion file found
64,,slot64a_ig_definitions,bare,BARE,no companion file found
64,,slot64b_M_edges_card,bare,BARE,no companion file found
64,,slot64c_edge_unique_element,bare,BARE,no companion file found
64,,slot64d_interact_share_vertex,bare,BARE,no companion file found
,,slot_scattered_PROVEN,bare,BARE,no companion file found
,b21a0c8a-af9d-4619-bbdd-1be92ae46049,tuza_nu4,bare,BARE,no companion file found
,265052dc-e7a0-41d1-b13f-599a87866435,tuza_nu4,bare,BARE,no companion file found
,cb73ed6b-0612-41e5-ae70-bcd3c4ce52eb,tuza_nu4,bare,BARE,no companion file found
,d1b0cad3-bbde-41bf-a8e7-917e1e957eb7,,bare,BARE,no companion file found
,4a71caaa-3f41-4268-94ba-3aefe3136106,tuza_nu4,bare,BARE,no companion file found
,7a511087-0643-4f27-bb13-b1fe567e6e93,tuza_nu4,bare,BARE,no companion file found
,96a487cf-cb8a-4d81-898f-92af3db15040,tuza_nu4,bare,BARE,no companion file found
,117a1b1b-dc32-42aa-99d8-7fd0863fdbdb,tuza_nu4,bare,BARE,no companion file found
,8cabb17e-0c7f-4784-b72e-7555b691e6de,tuza_nu4,bare,BARE,no companion file found
,57844105-2cf6-45e0-ae72-76f3e1591868,,bare,BARE,no companion file found
,86cf16ec-f19c-4cc3-9d79-cce6c253ada1,,bare,BARE,no companion file found
,45829c4f-2c0e-479d-a38a-66abc7808e1b,tuza_nu4,bare,BARE,no companion file found
,f25e656c-7026-446f-b95c-427c0fe34790,tuza_nu4,bare,BARE,no companion file found
,9fcaba3d-0fce-44b9-ac98-2b4e6a1f539d,tuza_nu4,bare,BARE,no companion file found
,41151297-e275-4543-a8e4-38f255e7f8b7,tuza_nu4,bare,BARE,no companion file found
,58431123-f4e2-4f0c-b447-350fdbfef9e5,tuza_nu4,bare,BARE,no companion file found
,56ab6ac5-e8d7-4d0a-82b6-6546988e944f,tuza_nu4,bare,BARE,no companion file found
,e4503a3d-ff4c-440a-915e-77abbf2ee09c,tuza_nu4,bare,BARE,no companion file found
,7ae7b3e6-c688-4b6d-9db0-0de84f23fa35,tuza_nu4,bare,BARE,no companion file found
542,694bf604-b852-4c9a-8d6b-119bb59df550,slot542,bare,BARE,no companion file found
262,46eac175-cc9d-43d2-a52a-5020ebf7b967,slot262_resub,bare,BARE,no companion file found
259,d55d0cb3-3d69-45b9-ac12-f3aa3cff7cab,slot259_resub,bare,BARE,no companion file found
347,4e78cc0a-4188-4322-bee0-7b337db289e7,slot347_resub,bare,BARE,no companion file found
544,f21fa40e-38a4-43e8-a1fe-9e2f377f38a5,slot544,bare,BARE,no companion file found
545,57b34df4-5d93-4a4d-bdc6-d613dd1e1f1b,slot545,bare,BARE,no companion file found
546,f2bad2a7-b80e-4c5c-b1bc-291eeafcb2e8,slot546,bare,BARE,no companion file found
547,27338d02-5bef-47a1-b25e-7f49cddf1e81,slot547,bare,BARE,no companion file found
548,d144d8fa-deaa-40f4-8635-03739f20adbf,slot548,bare,BARE,no companion file found
549,61667c04-9d60-4932-bfce-81612b5608f5,slot549,bare,BARE,no companion file found
331,8d1c383a-d00a-4c1d-81de-d3cf6caad03f,tuza_nu4,bare,BARE,no companion file found
543,7d77f17c-991a-4d5b-9412-830db53c7fdd,tuza_nu4,bare,BARE,no companion file found
552,45b096db-a4a0-4d8f-9f78-ff08f832bc26,slot552,bare,BARE,no companion file found
553,9088e967-527a-4e43-8c4c-cd5ae3095901,slot553,bare,BARE,no companion file found
554,3cf195e6-615b-4461-9710-0b4b6b3f837e,slot554,bare,BARE,no companion file found
555,55c83ac7-312e-4e9f-9279-35584c625848,slot555,bare,BARE,no companion file found
558,1ce981fd-ac41-4896-bebf-48e10383b238,slot558,bare,BARE,no companion file found
557,c7b118db-ecca-436f-a975-fbae7253f562,slot557,bare,BARE,no companion file found
558,cbd70eda-7ac1-415a-9d9b-b066b4a3c5cf,slot558,bare,BARE,no companion file found
559,,feit_thompson_bounded,bare,BARE,no companion file found
560,,feit_thompson_full,bare,BARE,no companion file found
561,,leinster_cyclic_perfect,bare,BARE,no companion file found
562,,leinster_cyclic_perfect,bare,BARE,no companion file found
563,,leinster_nonabelian_exists,bare,BARE,no companion file found
564,,leinster_abelian_iff,bare,BARE,no companion file found
269,dc919546-e79f-4e64-89fe-f752acb4a853,tuza_nu4,bare,BARE,no companion file found
324,36804ee1-3d1f-4483-b0f2-adba81a38501,tuza_nu4,bare,BARE,no companion file found
325,44843186-4d1a-4554-8a4f-1d17e9a6f51a,tuza_nu4,bare,BARE,no companion file found
326,02cba9fe-4486-46e2-98d3-4c504fd343dd,tuza_nu4,bare,BARE,no companion file found
327,36a1714a-2717-45ed-b448-b9bb4a6adae4,tuza_nu4,bare,BARE,no companion file found
421,41bbd3d5-9d69-4c5c-8e12-299f6ae09499,tuza_nu4,bare,BARE,no companion file found
422,8fddcc2a-c84e-429a-a2ca-5960dc9cdecb,tuza_nu4,bare,BARE,no companion file found
559,57a59cdf-04e2-4a98-9690-84b2ab788f96,feit_thompson,bare,BARE,no companion file found
561,7e626f64-fa01-45b0-a9ec-94688ecd883f,leinster,bare,BARE,no companion file found
562,9f94f48e-edf2-4362-a687-f19c6b9d07cb,leinster,bare,BARE,no companion file found
563,ffe4e876-5980-4b2e-858b-1bf1a6d1855a,leinster,bare,BARE,no companion file found
569,9905bb3c-8634-4cc7-9720-81342f5d552a,tuza_nu4,bare,BARE,no companion file found
570,520f0de9-4f08-4d30-b356-25e1c29f996c,tuza_nu4,bare,BARE,no companion file found
572,7bddba3e-e710-4871-b04f-284b713ac210,integer_complexity,bare,BARE,no companion file found
574,44e9d06f-e0dc-4727-bfcf-5ff4611a1146,complexity_two_pow,bare,BARE,no companion file found
575,819cf573-4637-4278-b756-8c27c1977ab4,leinster_infinitely_many,bare,BARE,no companion file found
576,e44797f4-0b77-4ef3-a439-3a7a87aeada3,erdos_307,bare,BARE,no companion file found
577,dad82404-dc75-429b-a456-6733d47f550f,kurepa_conjecture,bare,BARE,no companion file found
564,7e275d90-5d8c-4074-909c-0eee94738004,leinster,bare,BARE,no companion file found
567,b945fcee-dc5a-46c3-bfb7-c3f0f4b4bf90,erdos1052,bare,BARE,no companion file found
578,920031ba-d30a-42c5-96ab-dab9e6a6c02c,oeis_a67720,bare,BARE,no companion file found
579,12045ca9-f136-4d22-8f43-f89c51776eeb,oeis_a63880,bare,BARE,no companion file found
580,9845316c-07bd-40c2-94e5-d486ba8b0db5,oeis_a56777,bare,BARE,no companion file found
581,63128b12-47a8-421c-afb6-6d0965a1ab04,erdos_364,bare,BARE,no companion file found
582,08edf97f-efd1-4f13-8201-626f148dd11b,erdos_913,bare,BARE,no companion file found
560,86a83c3c-c395-4f41-8e00-2d421a124e1c,feit_thompson,bare,BARE,no companion file found
571,6fe024dc-8665-46f9-b086-f7a733b7910a,leinster,bare,BARE,no companion file found
573,248e52fa-083d-4c72-95f1-46cffb234b8b,tuza_nu4,bare,BARE,no companion file found
584,319065f3-c3fb-4fe6-bf42-3ddf2dd11e30,leinster,bare,BARE,no companion file found
583,6931d53c-7aed-4c29-9174-ec259534679d,leinster,bare,BARE,no companion file found
588,8aaa8d64-1e70-463f-9eb2-3d207e6b81fd,erdos11,bare,BARE,no companion file found
591,c8bf4a01-6745-4a1d-8dd5-174e9a7888ba,lehmer_totient,bare,BARE,no companion file found
568,4ca7fb9c-ec9a-4e98-ae4f-e4a35419786c,tuza_nu4,bare,BARE,no companion file found
585,45578f1d-6718-476b-89bd-9393e844ab72,leinster,bare,BARE,no companion file found
586,44b96fd4-3335-4b15-892a-c8de78455c08,leinster,bare,BARE,no companion file found
587,d54d6d06-6ad0-4c02-83ac-540acd42d353,selfridge_psw,bare,BARE,no companion file found
589,f4a15567-e973-4e8e-9b04-37357100e7d6,carmichael_totient,bare,BARE,no companion file found
592,dc07c084-7844-4edf-b81e-622284186bd4,agoh_giuga,bare,BARE,no companion file found
593,1b3171ad-0d02-41fb-90bc-f02ae73a4053,artin_primitive,bare,BARE,no companion file found
594,b70f66c4-2b78-44a4-b88a-f1367870a6a4,wolstenholme,bare,BARE,no companion file found
595,51bcb217-d3e6-4f52-aa0e-ae5ad37aa8a6,wall_sun_sun,bare,BARE,no companion file found
596,2b124bcc-fe93-4cc4-a1ea-92963e0fad2d,596,bare,BARE,no companion file found
597,3be49710-3831-48e5-8d7b-fb2ba9214579,597,bare,BARE,no companion file found
590,45890ac8-72aa-49ee-9f3b-9a19f0df8475,feit_thompson,bare,BARE,no companion file found
598,f04e6b36-6b19-4b5c-8f57-0900bd500019,598,bare,BARE,no companion file found
599,d1f8186d-4824-49b2-a8be-2f932ca9c627,599,bare,BARE,no companion file found
600,9bbf5723-58ca-4135-b629-e21304455067,600,bare,BARE,no companion file found
601,7220b777-3ae8-4569-896a-536851f65595,feit_thompson,bare,BARE,no companion file found
602,d157ed0d-24e2-44f9-bcda-f8bc7904c3ab,feit_thompson,bare,BARE,no companion file found
604,ae78b0df-8bec-4294-8f55-71708ed93227,erdos_straus,bare,BARE,no companion file found
605,b200f58b-ab9e-454b-b8c7-2a51856d4a92,brocard,bare,BARE,no companion file found
607,c1b38dee-3a6b-4fa7-b6b1-af68f12ad377,sierpinski_5n,bare,BARE,no companion file found
606,14a3a1f2-0f65-4bf9-8b28-e5532770d9f9,grimm,bare,BARE,no companion file found
603,7f5ad42c-5394-4dbe-815d-a5ae764ea4ed,feit_thompson,bare,BARE,no companion file found
608,01865c2a-95fd-4810-b4f6-5a7dff78ca32,feit_thompson,bare,BARE,no companion file found
610,82a90a6d-a70c-4aa4-8081-a560d591d880,feit_thompson,bare,BARE,no companion file found
611,fa8be15e-ef5b-43be-a89d-6fc465b80934,feit_thompson,bare,BARE,no companion file found
615,8a583ed2-7749-44c6-8065-3096d2951601,erdos137,bare,BARE,no companion file found
616,4580f5d3-a6ff-4bb6-b451-b8cd0df398fd,erdos370,bare,BARE,no companion file found
618,97ceb2a5-4014-499f-94a5-5ced720ff5dd,casas_alvero,bare,BARE,no companion file found
612,43dee8fe-e154-46e0-a3a9-f18d3bfa2238,feit_thompson,bare,BARE,no companion file found
613,16006bd6-7473-4312-987c-40ec5b3b75bf,feit_thompson,bare,BARE,no companion file found
614,7ef62fa0-8b33-4270-89ec-6ed5dff0a93b,erdos850,bare,BARE,no companion file found
617,5e0f7947-9806-4b82-8726-cb6ea30b6d1a,erdos427,bare,BARE,no companion file found
619,2454ccf1-33a9-4458-bdaa-7b7902e2ef5b,odd_perfect,bare,BARE,no companion file found
620,a77a0eac-7e0a-4574-9a2d-09fa3a32aa02,erdos350,bare,BARE,no companion file found
621,e256a2dc-2779-4b42-b1b8-07642a81e54c,erdos36,bare,BARE,no companion file found
622,8d23ada3-70b5-432a-8126-ccb53b0cf601,slot622,bare,BARE,no companion file found
623,7c5032b7-bca1-47b7-aa21-f0e1d03e4018,slot623,bare,BARE,no companion file found
627,3641622a-a83c-478f-b4e4-098b0f224ce3,slot627,bare,BARE,no companion file found
624,f6967df4-eee2-41a6-a6a0-76dd966119bf,slot624,bare,BARE,no companion file found
625,a93954c8-1e79-4553-a1bf-dd8ea9cf1a81,slot625,bare,BARE,no companion file found
626,0b4aa2d5-97ba-4030-8e61-93d76a90b9cb,slot626,bare,BARE,no companion file found
628,0673b4d7-4840-4cf2-940e-c37c10c7354c,slot628,bare,BARE,no companion file found
629,5b23ce45-3f90-432e-8104-ce9cd77be21f,slot629,bare,BARE,no companion file found
630,9d8acfd8-a6f2-4923-ae1d-c617df06f85f,slot630,bare,BARE,no companion file found
631,d4760ed8-3a88-413d-bc1a-617611423323,slot631,bare,BARE,no companion file found
632,09573ca3-2012-40e5-9468-dc2a6ec7885e,slot632,bare,BARE,no companion file found
633,2f455f85-638e-4bd9-8e76-9f23ecbb68c2,slot633,bare,BARE,no companion file found
634,8d138551-1b24-46cb-88e3-c88820364ea8,slot634,bare,BARE,no companion file found
635,3d41cf7a-83c4-4baf-8827-e6e8b02f8e14,slot635,bare,BARE,no companion file found
636,892f5f61-abfc-48a8-b06d-24cc26d380e1,slot636,bare,BARE,no companion file found
637,02cb1ed0-fbe4-4ac9-a792-5b15ddff1c12,slot637,bare,BARE,no companion file found
638,aa070798-0196-400b-929a-51292650526f,slot638,bare,BARE,no companion file found
639,7e40fb7c-17ca-4d03-8cf5-537ab2281463,slot639,bare,BARE,no companion file found
640,eee40105-3743-49af-9fd4-8641776fc5e0,slot640,bare,BARE,no companion file found
641,0bf1319a-c7f2-43a7-ae42-4c9cb1076bc0,slot641,bare,BARE,no companion file found
642,6cc4330f-e572-4809-85b9-c0f971987980,slot642,bare,BARE,no companion file found
643,e1d9e3c7-bdfa-4126-bfbe-861f960b26ae,slot643,bare,BARE,no companion file found
644,164c4fe4-f634-41f5-92f0-e7ef4df95462,slot644,bare,BARE,no companion file found
645,f31dceeb-bc94-47b0-98c6-73d3f8c1fb5c,slot645,bare,BARE,no companion file found
646,86b3254b-9322-4261-95d0-8108efffea68,slot646,bare,BARE,no companion file found
647,06776e0a-4ddc-49f1-8827-19cc5751e563,slot647,bare,BARE,no companion file found
648,1c4453f1-831e-4153-a035-7e111eee0d3a,slot648,bare,BARE,no companion file found
649,1f431a4f-4cda-4478-a95c-f6dfdb84264d,gilbreath,bare,BARE,no companion file found
650,0ba3794b-1fcc-42e7-b39d-b9fcbd4ec014,lemoine,bare,BARE,no companion file found
651,d94555c4-f79e-4416-97a2-c3cdf5251251,sierpinski_5n,bare,BARE,no companion file found
652,5b5bf303-ce30-4b18-93b8-95219874619e,sierpinski_5n,bare,BARE,no companion file found
653,68b05e6d-33e4-435e-8b20-f8256086ab9b,erdos364,bare,BARE,no companion file found
654,dc2c0dfa-d1ce-4ef1-a464-60d7bce69b60,integer_complexity,bare,BARE,no companion file found
655,15b6f5d1-46ac-4b9d-81b4-dc6c4927b234,sierpinski_5n,bare,BARE,no companion file found
656,93c8e87f-2d02-4eb4-a384-f58b6d080e3d,erdos364,bare,BARE,no companion file found
657,3e12a3f4-8850-47d6-8eee-6d18978111c5,integer_complexity,bare,BARE,no companion file found
661,4c46ee72-7b79-4bf8-b0d8-bec5575d8cd8,sierpinski_5n,bare,BARE,no companion file found
662,43d74efd-fcc7-41e9-8172-f25933931c1b,erdos11,bare,BARE,no companion file found
663,20082f90-c088-48e5-b1cc-1c24b1fe33c7,erdos249,bare,BARE,no companion file found
664,037a37e2-aefb-495d-b145-c32879339791,agoh_giuga,bare,BARE,no companion file found
665,a1e4a74f-8109-4cac-90de-3b3143c82a72,erdos249,bare,BARE,no companion file found
666,38d45f19-6c33-4d4a-8bb1-1ccc5835e193,sierpinski_5n,bare,BARE,no companion file found
667,6c08fe44-7acf-410d-95ec-189d59c853a9,erdos11,bare,BARE,no companion file found
668,fb6b4c6a-ce45-4b8a-828d-f3c2ade92948,agoh_giuga,bare,BARE,no companion file found
669,f70f28c9-0114-409b-9592-b92eeed54a36,arithmetic_sums,bare,BARE,no companion file found
673,234f2d7a-f977-4bce-8ac0-784a9e1a574e,sierpinski_5n,bare,BARE,no companion file found
679,577c75e6-de9e-4d29-9994-e9aa1d3a7a0b,hardy_littlewood_2,bare,BARE,no companion file found
675,44cff55f-1b40-4fc4-b3b8-23b1836c8060,agoh_giuga,bare,BARE,no companion file found
677,a67cc5ff-0c92-497c-aea9-e3146fcd1e52,pell_primes,bare,BARE,no companion file found
678,76c28d5e-e592-42e0-bebc-d54f72e4b630,regular_primes,bare,BARE,no companion file found
681,4f8d3a7c-2ab9-41e4-9375-567218423228,bunyakovsky,bare,BARE,no companion file found
682,1e2691b5-7f25-4985-873e-abf0cfc59948,artin_primitive,bare,BARE,no companion file found
683,954d343a-b94a-48bc-b598-fec7b6a9380b,jacobian,bare,BARE,no companion file found
684,3ab19d49-9906-4ae9-8b2d-322af88108ed,hadamard,bare,BARE,no companion file found
686,0756461c-3a97-423f-ab2b-2351aed5fcbb,hardy_littlewood_1,bare,BARE,no companion file found
676,474bd383-5b5f-4927-b522-f6d6bef9b9a7,arithmetic_sums,bare,BARE,no companion file found
680,2b949192-0fdf-4b2d-b6cf-93ebc664e71a,selfridge_psw,bare,BARE,no companion file found
687,d548b3db-fa68-45a4-80d1-031439a43f07,pell_primes,bare,BARE,no companion file found
688,bf75141f-89a3-4b30-9c9c-be3bd37baf94,regular_primes,bare,BARE,no companion file found
689,a736cf63-b5eb-40ae-ab9b-44f47f1cb841,jacobian,bare,BARE,no companion file found
690,6c06af49-07a3-408e-be73-4fbb8ca6ba54,agoh_giuga,bare,BARE,no companion file found
691,0a9d60c3-82d2-4366-b44e-6a9883d5a2db,arithmetic_sums,bare,BARE,no companion file found
692,fa06d712-326a-4ab9-aebf-378dc25c7697,erdos1052,bare,BARE,no companion file found
695,ff43e239-a89a-4dd1-8d11-c5eafba71793,lehmer_totient,bare,BARE,no companion file found
693,49255b39-7789-4271-bf1b-5532c412e534,erdos850,bare,BARE,no companion file found
694,fcb43345-73bf-4d24-aa51-b76f0c0e9859,erdos203,bare,BARE,no companion file found
696,56917110-7a3a-402e-8093-33b34cc15455,erdos412,bare,BARE,no companion file found
697,966c9b33-230f-4e98-a3c6-31d85189df44,erdos470,bare,BARE,no companion file found
700,82245571-5625-46e1-9e2f-551bf11a2386,erdos252,bare,BARE,no companion file found
698,d8cff96c-7421-474e-9b88-9f0b2e338a01,erdos672,bare,BARE,no companion file found
699,a72ba82f-da51-4297-959f-afa0c3f0500f,erdos251,bare,BARE,no companion file found
702,1d350235-575c-4769-a703-ab4c0e9cf6bf,erdos850,bare,BARE,no companion file found
705,ee6b4a10-56cd-4604-b8c9-f7fdf5d58dc5,erdos850,bare,BARE,no companion file found
,1f79fdcc-07e2-413e-937c-d7fc853cbd10,erdos203,bare,BARE,no companion file found
,5cb80152-29a6-4b26-9681-e774984ebbfc,erdos672,bare,BARE,no companion file found
,e3a35257-72be-43ba-b0b4-c7ac28908c2d,erdos251,bare,BARE,no companion file found
,2abc4223-157c-453b-8b36-64dd10577b51,erdos850,bare,BARE,no companion file found
,c173db21-2103-4850-bc31-d624bfbeb859,regular_primes,bare,BARE,no companion file found
,c6cc76bd-2de3-42eb-a4d7-4fd82c14fb4e,jacobian,bare,BARE,no companion file found
,eed5e059-d9db-432d-b13f-9d53c2351ad2,erdos249,bare,BARE,no companion file found
,48bb99da-bec8-4251-bde1-2d09346c5955,erdos11,bare,BARE,no companion file found
,ebabb371-f2f7-4c1d-b480-ed9a0289d0f6,casas_alvero,bare,BARE,no companion file found
370,ff862ab8-9a5a-4824-9c63-ea6208526f0a,unknown,bare,BARE,no companion file found
374,46ba85c5-92ff-4919-a8f7-67056d67b1b5,unknown,bare,BARE,no companion file found
375,a599700f-dbf3-440e-9cbb-fe1351661ec6,unknown,bare,BARE,no companion file found
376,1019493a-50e4-4e21-8aea-e5f6f5415ed2,unknown,bare,BARE,no companion file found
565,8c932df1-e02f-4762-8ff8-8f567199745f,unknown,bare,BARE,no companion file found
566,5facc808-060e-49f4-994e-018ed39dea02,unknown,bare,BARE,no companion file found
709,f5ab81ae-9729-415f-b7d9-cdb17d2b317f,,bare,BARE,no companion file found
710,e06585a3-6572-4579-8b44-188e522065f2,,bare,BARE,no companion file found
711,3b112ef3-9a94-4b5d-b4da-cc9e77b5a0ba,,bare,BARE,no companion file found
712,777b2a53-5ed7-4401-a6f2-c9e1a16faa99,,bare,BARE,no companion file found
713,66d6897e-fd4a-489b-9ed0-0ee17bb67bf6,,bare,BARE,no companion file found
714,e9dd0600-8b84-4057-8a91-4f385781b148,,bare,BARE,no companion file found
715,27160711-064d-40fc-ad9c-5abb88d05db7,,bare,BARE,no companion file found
716,1afbc7f6-1610-4ab8-b7dd-0e1a49fde7d0,,bare,BARE,no companion file found
,e24d446d-ec20-4e41-b0ea-0d6c48fc9a8f,erdos242,bare,BARE,no companion file found
,1f5b8c9e-5f54-4252-bd30-ec2346af1a3d,erdos850,bare,BARE,no companion file found
,d2b51fe4-fb74-4483-ad17-3a01b5e03544,erdos389,bare,BARE,no companion file found
,9d0e06c2-c021-4a0a-abbd-e4f2dc77f323,erdos672,bare,BARE,no companion file found
,941aa73a-5fcb-4510-9276-1e34ad26a3f2,erdos203,bare,BARE,no companion file found
,3bca2e2a-9cc0-4b2f-9608-95695eb32d98,erdos242,bare,BARE,no companion file found
,887a188c-940d-459b-8557-347256fd65df,erdos850,bare,BARE,no companion file found
,275128cf-d1a6-4875-aabd-779b45ec1e96,erdos389,bare,BARE,no companion file found
,c37a6bd9-5ab2-4e94-934e-4846f58ebf6b,erdos672,bare,BARE,no companion file found
,593dfd9e-3082-44de-98da-506259da1bab,erdos203,bare,BARE,no companion file found
717,85d169be-8858-48c4-9b60-e2eb0fb68379,erdos850,bare,BARE,no companion file found
718,9fe5b59c-0d6e-4a06-a13d-31656e644f49,erdos850,bare,BARE,no companion file found
719,f3337df8-63ef-4882-afa3-aed678cb4f1b,erdos850,bare,BARE,no companion file found
721,c8e12ec9-68c2-4461-ab37-4924727c2a9b,leinster,bare,BARE,no companion file found
722,3948eb96-accb-4cf5-9355-fd2fd98a11cf,brocard,bare,BARE,no companion file found
720,9583597d-56e1-491a-82b5-a6f8966cee69,feit_thompson,bare,BARE,no companion file found
723,062fd9ea-fbf9-4980-9fa6-7b28a4f02ec4,erdos_647,bare,BARE,no companion file found
724,c0b09ca9-0566-46ba-8614-d6fb7946a63f,erdos_203,bare,BARE,no companion file found
,65da8d8c-4059-4454-b3b4-ea2e3b87ede7,odd_multiperfect_sigma0_11,closure,BARE,no companion file found
,e561c214-eb4c-42a1-87ea-7b49ea0439c2,erdos_938,informal,FUSION,sibling companion: submissions/sketches/erdos938_fusion.fusion.json
,67d9e1d9-e73f-4f49-8d4b-60cb8c2fa40e,,closure,BARE,no companion file found
,4483a77d-e6db-4f57-bf99-9d9e907cd327,,closure,BARE,no companion file found
,4f5fd762-c61c-4c59-a5b1-cf60e4eea7b4,,informal,FUSION,sibling companion: submissions/sketches/erdos267_fusion.fusion.json
,4697679f-3c66-4f46-a156-7f9900dfdf22,erdos_1003,fusion,FUSION,sibling companion: submissions/sketches/erdos1003_fusion.fusion.json
741,7031f637-54ed-4362-9456-5b4e27e038e0,erdos647_cunningham_residual_35,closure,BARE,no companion file found
,a9e232a2-2593-4765-920a-a3c080a6898d,erdos_1052,informal,FUSION,sibling companion: submissions/sketches/erdos1052_fusion.fusion.json
742,bdc60eff-04a7-4c15-b469-bcd118b443c6,erdos203_sierpinski_1d_benchmark,(unset),BARE,no companion file found
743,8d9e29b3-c099-4fea-beb2-aab7ed76fb99,erdos203_grid_12x12_B1000,(unset),BARE,no companion file found
744,22dafcc6-0afa-4769-b293-c368b97ade0b,feit_thompson,(unset),BARE,no companion file found
745,8e353fc6-c165-4df2-9577-088dea34eb52,brocard_nrange_1001_2000,(unset),BARE,no companion file found
,940d518b-40b4-4a1e-836e-1964bc0a86a4,feit_thompson,informal,FUSION,sibling companion: submissions/sketches/FT_p3_q1583_alternate_v2.fusion.json
